=== AGCRN PEMS-BAY 10.06.2026 11:08:15 ===
=== Run 0 (seed 10) ===
python.exe : 2026-06-10 11:08: Experiment log path in: C:\Documents\thesis\code\Traffic-Benchmark_Fork\methods\AGCRN\mo
del\experiments\PEMS-BAY\20260610110830
At C:\Documents\thesis\code\Traffic-Benchmark_Fork\run_agcrn_pems_bay.ps1:23 char:5
+     & $python methods/AGCRN/model/Run_PEMS-BAY.py --device cuda:0 --s ...
+     ~~~~~~~~~~~~~~~~~~~~~~~~~~~~~~~~~~~~~~~~~~~~~~~~~~~~~~~~~~~~~~~~~
    + CategoryInfo          : NotSpecified: (2026-06-10 11:0...\20260610110830:String) [], RemoteException
    + FullyQualifiedErrorId : NativeCommandError
 
2026-06-10 11:08: Train Epoch 1: 0/569 Loss: 6.140996
2026-06-10 11:08: Train Epoch 1: 20/569 Loss: 5.693272
2026-06-10 11:08: Train Epoch 1: 40/569 Loss: 3.406334
2026-06-10 11:08: Train Epoch 1: 60/569 Loss: 2.045779
2026-06-10 11:08: Train Epoch 1: 80/569 Loss: 2.023544
2026-06-10 11:08: Train Epoch 1: 100/569 Loss: 2.537645
2026-06-10 11:08: Train Epoch 1: 120/569 Loss: 2.028685
2026-06-10 11:08: Train Epoch 1: 140/569 Loss: 1.597570
2026-06-10 11:09: Train Epoch 1: 160/569 Loss: 1.997962
2026-06-10 11:09: Train Epoch 1: 180/569 Loss: 1.913455
2026-06-10 11:09: Train Epoch 1: 200/569 Loss: 2.061096
2026-06-10 11:09: Train Epoch 1: 220/569 Loss: 2.000229
2026-06-10 11:09: Train Epoch 1: 240/569 Loss: 1.851330
2026-06-10 11:09: Train Epoch 1: 260/569 Loss: 1.897015
2026-06-10 11:09: Train Epoch 1: 280/569 Loss: 1.775082
2026-06-10 11:09: Train Epoch 1: 300/569 Loss: 2.334689
2026-06-10 11:09: Train Epoch 1: 320/569 Loss: 1.988785
2026-06-10 11:09: Train Epoch 1: 340/569 Loss: 1.781904
2026-06-10 11:09: Train Epoch 1: 360/569 Loss: 1.926013
2026-06-10 11:09: Train Epoch 1: 380/569 Loss: 2.107555
2026-06-10 11:09: Train Epoch 1: 400/569 Loss: 1.709877
2026-06-10 11:09: Train Epoch 1: 420/569 Loss: 1.840414
2026-06-10 11:09: Train Epoch 1: 440/569 Loss: 1.922382
2026-06-10 11:09: Train Epoch 1: 460/569 Loss: 1.849835
2026-06-10 11:09: Train Epoch 1: 480/569 Loss: 1.780100
2026-06-10 11:10: Train Epoch 1: 500/569 Loss: 1.737406
2026-06-10 11:10: Train Epoch 1: 520/569 Loss: 2.078892
2026-06-10 11:10: Train Epoch 1: 540/569 Loss: 1.888765
2026-06-10 11:10: Train Epoch 1: 560/569 Loss: 1.669989
2026-06-10 11:10: **********Train Epoch 1: averaged Loss: 2.189927, tf_ratio: 1.000000
2026-06-10 11:10: **********Val Epoch 1: average Loss: 2.061907
2026-06-10 11:10: *********************************Current best model saved!
2026-06-10 11:10: Train Epoch 2: 0/569 Loss: 1.540805
2026-06-10 11:10: Train Epoch 2: 20/569 Loss: 1.905034
2026-06-10 11:10: Train Epoch 2: 40/569 Loss: 1.726713
2026-06-10 11:10: Train Epoch 2: 60/569 Loss: 1.744138
2026-06-10 11:10: Train Epoch 2: 80/569 Loss: 1.790144
2026-06-10 11:10: Train Epoch 2: 100/569 Loss: 2.017584
2026-06-10 11:10: Train Epoch 2: 120/569 Loss: 2.042426
2026-06-10 11:10: Train Epoch 2: 140/569 Loss: 1.627850
2026-06-10 11:10: Train Epoch 2: 160/569 Loss: 1.815697
2026-06-10 11:10: Train Epoch 2: 180/569 Loss: 1.826141
2026-06-10 11:10: Train Epoch 2: 200/569 Loss: 1.731887
2026-06-10 11:10: Train Epoch 2: 220/569 Loss: 1.891040
2026-06-10 11:10: Train Epoch 2: 240/569 Loss: 1.710408
2026-06-10 11:11: Train Epoch 2: 260/569 Loss: 1.811618
2026-06-10 11:11: Train Epoch 2: 280/569 Loss: 1.664984
2026-06-10 11:11: Train Epoch 2: 300/569 Loss: 1.850554
2026-06-10 11:11: Train Epoch 2: 320/569 Loss: 1.838189
2026-06-10 11:11: Train Epoch 2: 340/569 Loss: 1.884647
2026-06-10 11:11: Train Epoch 2: 360/569 Loss: 1.629755
2026-06-10 11:11: Train Epoch 2: 380/569 Loss: 1.669863
2026-06-10 11:11: Train Epoch 2: 400/569 Loss: 1.804564
2026-06-10 11:11: Train Epoch 2: 420/569 Loss: 1.920424
2026-06-10 11:11: Train Epoch 2: 440/569 Loss: 1.984380
2026-06-10 11:11: Train Epoch 2: 460/569 Loss: 1.677850
2026-06-10 11:11: Train Epoch 2: 480/569 Loss: 1.677156
2026-06-10 11:11: Train Epoch 2: 500/569 Loss: 1.754199
2026-06-10 11:11: Train Epoch 2: 520/569 Loss: 1.647225
2026-06-10 11:11: Train Epoch 2: 540/569 Loss: 1.734449
2026-06-10 11:11: Train Epoch 2: 560/569 Loss: 1.534354
2026-06-10 11:11: **********Train Epoch 2: averaged Loss: 1.743100, tf_ratio: 1.000000
2026-06-10 11:12: **********Val Epoch 2: average Loss: 1.812811
2026-06-10 11:12: *********************************Current best model saved!
2026-06-10 11:12: Train Epoch 3: 0/569 Loss: 1.646729
2026-06-10 11:12: Train Epoch 3: 20/569 Loss: 1.712782
2026-06-10 11:12: Train Epoch 3: 40/569 Loss: 1.708928
2026-06-10 11:12: Train Epoch 3: 60/569 Loss: 1.627876
2026-06-10 11:12: Train Epoch 3: 80/569 Loss: 1.670860
2026-06-10 11:12: Train Epoch 3: 100/569 Loss: 1.672728
2026-06-10 11:12: Train Epoch 3: 120/569 Loss: 1.596191
2026-06-10 11:12: Train Epoch 3: 140/569 Loss: 1.305583
2026-06-10 11:12: Train Epoch 3: 160/569 Loss: 1.552006
2026-06-10 11:12: Train Epoch 3: 180/569 Loss: 1.609908
2026-06-10 11:12: Train Epoch 3: 200/569 Loss: 1.826805
2026-06-10 11:12: Train Epoch 3: 220/569 Loss: 1.841574
2026-06-10 11:12: Train Epoch 3: 240/569 Loss: 1.587807
2026-06-10 11:12: Train Epoch 3: 260/569 Loss: 1.574133
2026-06-10 11:12: Train Epoch 3: 280/569 Loss: 1.632661
2026-06-10 11:12: Train Epoch 3: 300/569 Loss: 1.568098
2026-06-10 11:12: Train Epoch 3: 320/569 Loss: 1.676076
2026-06-10 11:13: Train Epoch 3: 340/569 Loss: 1.603624
2026-06-10 11:13: Train Epoch 3: 360/569 Loss: 1.918930
2026-06-10 11:13: Train Epoch 3: 380/569 Loss: 1.689137
2026-06-10 11:13: Train Epoch 3: 400/569 Loss: 1.667344
2026-06-10 11:13: Train Epoch 3: 420/569 Loss: 1.475907
2026-06-10 11:13: Train Epoch 3: 440/569 Loss: 1.557717
2026-06-10 11:13: Train Epoch 3: 460/569 Loss: 1.591976
2026-06-10 11:13: Train Epoch 3: 480/569 Loss: 1.528100
2026-06-10 11:13: Train Epoch 3: 500/569 Loss: 1.627679
2026-06-10 11:13: Train Epoch 3: 520/569 Loss: 1.648576
2026-06-10 11:13: Train Epoch 3: 540/569 Loss: 1.530777
2026-06-10 11:13: Train Epoch 3: 560/569 Loss: 1.601605
2026-06-10 11:13: **********Train Epoch 3: averaged Loss: 1.627568, tf_ratio: 1.000000
2026-06-10 11:13: **********Val Epoch 3: average Loss: 1.740037
2026-06-10 11:13: *********************************Current best model saved!
2026-06-10 11:13: Train Epoch 4: 0/569 Loss: 1.696020
2026-06-10 11:13: Train Epoch 4: 20/569 Loss: 1.465544
2026-06-10 11:13: Train Epoch 4: 40/569 Loss: 1.809675
2026-06-10 11:13: Train Epoch 4: 60/569 Loss: 1.571978
2026-06-10 11:13: Train Epoch 4: 80/569 Loss: 1.529787
2026-06-10 11:14: Train Epoch 4: 100/569 Loss: 1.491004
2026-06-10 11:14: Train Epoch 4: 120/569 Loss: 1.650904
2026-06-10 11:14: Train Epoch 4: 140/569 Loss: 1.406291
2026-06-10 11:14: Train Epoch 4: 160/569 Loss: 1.545263
2026-06-10 11:14: Train Epoch 4: 180/569 Loss: 1.451600
2026-06-10 11:14: Train Epoch 4: 200/569 Loss: 1.924872
2026-06-10 11:14: Train Epoch 4: 220/569 Loss: 1.750854
2026-06-10 11:14: Train Epoch 4: 240/569 Loss: 1.586492
2026-06-10 11:14: Train Epoch 4: 260/569 Loss: 1.764206
2026-06-10 11:14: Train Epoch 4: 280/569 Loss: 1.612916
2026-06-10 11:14: Train Epoch 4: 300/569 Loss: 1.574246
2026-06-10 11:14: Train Epoch 4: 320/569 Loss: 1.659280
2026-06-10 11:14: Train Epoch 4: 340/569 Loss: 1.715909
2026-06-10 11:14: Train Epoch 4: 360/569 Loss: 1.449208
2026-06-10 11:14: Train Epoch 4: 380/569 Loss: 1.752352
2026-06-10 11:14: Train Epoch 4: 400/569 Loss: 1.620454
2026-06-10 11:14: Train Epoch 4: 420/569 Loss: 1.391392
2026-06-10 11:15: Train Epoch 4: 440/569 Loss: 1.843928
2026-06-10 11:15: Train Epoch 4: 460/569 Loss: 1.810066
2026-06-10 11:15: Train Epoch 4: 480/569 Loss: 1.474843
2026-06-10 11:15: Train Epoch 4: 500/569 Loss: 1.614996
2026-06-10 11:15: Train Epoch 4: 520/569 Loss: 1.318298
2026-06-10 11:15: Train Epoch 4: 540/569 Loss: 1.604084
2026-06-10 11:15: Train Epoch 4: 560/569 Loss: 1.562433
2026-06-10 11:15: **********Train Epoch 4: averaged Loss: 1.574791, tf_ratio: 1.000000
2026-06-10 11:15: **********Val Epoch 4: average Loss: 1.686171
2026-06-10 11:15: *********************************Current best model saved!
2026-06-10 11:15: Train Epoch 5: 0/569 Loss: 1.844665
2026-06-10 11:15: Train Epoch 5: 20/569 Loss: 1.565598
2026-06-10 11:15: Train Epoch 5: 40/569 Loss: 1.596239
2026-06-10 11:15: Train Epoch 5: 60/569 Loss: 1.478684
2026-06-10 11:15: Train Epoch 5: 80/569 Loss: 1.482884
2026-06-10 11:15: Train Epoch 5: 100/569 Loss: 1.550121
2026-06-10 11:15: Train Epoch 5: 120/569 Loss: 1.458925
2026-06-10 11:15: Train Epoch 5: 140/569 Loss: 1.471899
2026-06-10 11:15: Train Epoch 5: 160/569 Loss: 1.507434
2026-06-10 11:16: Train Epoch 5: 180/569 Loss: 1.484769
2026-06-10 11:16: Train Epoch 5: 200/569 Loss: 1.510896
2026-06-10 11:16: Train Epoch 5: 220/569 Loss: 1.416505
2026-06-10 11:16: Train Epoch 5: 240/569 Loss: 1.608549
2026-06-10 11:16: Train Epoch 5: 260/569 Loss: 1.605543
2026-06-10 11:16: Train Epoch 5: 280/569 Loss: 1.537543
2026-06-10 11:16: Train Epoch 5: 300/569 Loss: 1.461691
2026-06-10 11:16: Train Epoch 5: 320/569 Loss: 1.461568
2026-06-10 11:16: Train Epoch 5: 340/569 Loss: 1.525913
2026-06-10 11:16: Train Epoch 5: 360/569 Loss: 1.524380
2026-06-10 11:16: Train Epoch 5: 380/569 Loss: 1.667641
2026-06-10 11:16: Train Epoch 5: 400/569 Loss: 1.342211
2026-06-10 11:16: Train Epoch 5: 420/569 Loss: 1.580149
2026-06-10 11:16: Train Epoch 5: 440/569 Loss: 1.583210
2026-06-10 11:16: Train Epoch 5: 460/569 Loss: 1.444471
2026-06-10 11:16: Train Epoch 5: 480/569 Loss: 1.580722
2026-06-10 11:16: Train Epoch 5: 500/569 Loss: 1.398739
2026-06-10 11:16: Train Epoch 5: 520/569 Loss: 1.532813
2026-06-10 11:17: Train Epoch 5: 540/569 Loss: 1.587191
2026-06-10 11:17: Train Epoch 5: 560/569 Loss: 1.419900
2026-06-10 11:17: **********Train Epoch 5: averaged Loss: 1.537422, tf_ratio: 1.000000
2026-06-10 11:17: **********Val Epoch 5: average Loss: 1.677302
2026-06-10 11:17: *********************************Current best model saved!
2026-06-10 11:17: Train Epoch 6: 0/569 Loss: 1.582173
2026-06-10 11:17: Train Epoch 6: 20/569 Loss: 1.602227
2026-06-10 11:17: Train Epoch 6: 40/569 Loss: 1.686228
2026-06-10 11:17: Train Epoch 6: 60/569 Loss: 1.569394
2026-06-10 11:17: Train Epoch 6: 80/569 Loss: 1.541589
2026-06-10 11:17: Train Epoch 6: 100/569 Loss: 1.757991
2026-06-10 11:17: Train Epoch 6: 120/569 Loss: 1.656136
2026-06-10 11:17: Train Epoch 6: 140/569 Loss: 1.337962
2026-06-10 11:17: Train Epoch 6: 160/569 Loss: 1.598121
2026-06-10 11:17: Train Epoch 6: 180/569 Loss: 1.537130
2026-06-10 11:17: Train Epoch 6: 200/569 Loss: 1.363541
2026-06-10 11:17: Train Epoch 6: 220/569 Loss: 1.580848
2026-06-10 11:17: Train Epoch 6: 240/569 Loss: 1.612457
2026-06-10 11:17: Train Epoch 6: 260/569 Loss: 1.454720
2026-06-10 11:18: Train Epoch 6: 280/569 Loss: 1.524778
2026-06-10 11:18: Train Epoch 6: 300/569 Loss: 1.486502
2026-06-10 11:18: Train Epoch 6: 320/569 Loss: 1.362165
2026-06-10 11:18: Train Epoch 6: 340/569 Loss: 1.583254
2026-06-10 11:18: Train Epoch 6: 360/569 Loss: 1.421749
2026-06-10 11:18: Train Epoch 6: 380/569 Loss: 1.644933
2026-06-10 11:18: Train Epoch 6: 400/569 Loss: 1.578612
2026-06-10 11:18: Train Epoch 6: 420/569 Loss: 1.381854
2026-06-10 11:18: Train Epoch 6: 440/569 Loss: 1.491976
2026-06-10 11:18: Train Epoch 6: 460/569 Loss: 1.413926
2026-06-10 11:18: Train Epoch 6: 480/569 Loss: 1.500671
2026-06-10 11:18: Train Epoch 6: 500/569 Loss: 1.542655
2026-06-10 11:18: Train Epoch 6: 520/569 Loss: 1.481760
2026-06-10 11:18: Train Epoch 6: 540/569 Loss: 1.406550
2026-06-10 11:18: Train Epoch 6: 560/569 Loss: 1.340271
2026-06-10 11:18: **********Train Epoch 6: averaged Loss: 1.511563, tf_ratio: 1.000000
2026-06-10 11:18: **********Val Epoch 6: average Loss: 1.651634
2026-06-10 11:18: *********************************Current best model saved!
2026-06-10 11:18: Train Epoch 7: 0/569 Loss: 1.558781
2026-06-10 11:18: Train Epoch 7: 20/569 Loss: 1.620505
2026-06-10 11:19: Train Epoch 7: 40/569 Loss: 1.425912
2026-06-10 11:19: Train Epoch 7: 60/569 Loss: 1.509198
2026-06-10 11:19: Train Epoch 7: 80/569 Loss: 1.562196
2026-06-10 11:19: Train Epoch 7: 100/569 Loss: 1.307563
2026-06-10 11:19: Train Epoch 7: 120/569 Loss: 1.526869
2026-06-10 11:19: Train Epoch 7: 140/569 Loss: 1.553434
2026-06-10 11:19: Train Epoch 7: 160/569 Loss: 1.488900
2026-06-10 11:19: Train Epoch 7: 180/569 Loss: 1.570397
2026-06-10 11:19: Train Epoch 7: 200/569 Loss: 1.491173
2026-06-10 11:19: Train Epoch 7: 220/569 Loss: 1.547719
2026-06-10 11:19: Train Epoch 7: 240/569 Loss: 1.580414
2026-06-10 11:19: Train Epoch 7: 260/569 Loss: 1.565103
2026-06-10 11:19: Train Epoch 7: 280/569 Loss: 1.437886
2026-06-10 11:19: Train Epoch 7: 300/569 Loss: 1.328996
2026-06-10 11:19: Train Epoch 7: 320/569 Loss: 1.423115
2026-06-10 11:19: Train Epoch 7: 340/569 Loss: 1.352271
2026-06-10 11:19: Train Epoch 7: 360/569 Loss: 1.693079
2026-06-10 11:20: Train Epoch 7: 380/569 Loss: 1.317397
2026-06-10 11:20: Train Epoch 7: 400/569 Loss: 1.564241
2026-06-10 11:20: Train Epoch 7: 420/569 Loss: 1.567325
2026-06-10 11:20: Train Epoch 7: 440/569 Loss: 1.611873
2026-06-10 11:20: Train Epoch 7: 460/569 Loss: 1.436607
2026-06-10 11:20: Train Epoch 7: 480/569 Loss: 1.503301
2026-06-10 11:20: Train Epoch 7: 500/569 Loss: 1.452344
2026-06-10 11:20: Train Epoch 7: 520/569 Loss: 1.400387
2026-06-10 11:20: Train Epoch 7: 540/569 Loss: 1.509716
2026-06-10 11:20: Train Epoch 7: 560/569 Loss: 1.761371
2026-06-10 11:20: **********Train Epoch 7: averaged Loss: 1.488801, tf_ratio: 1.000000
2026-06-10 11:20: **********Val Epoch 7: average Loss: 1.634046
2026-06-10 11:20: *********************************Current best model saved!
2026-06-10 11:20: Train Epoch 8: 0/569 Loss: 1.307900
2026-06-10 11:20: Train Epoch 8: 20/569 Loss: 1.452336
2026-06-10 11:20: Train Epoch 8: 40/569 Loss: 1.495846
2026-06-10 11:20: Train Epoch 8: 60/569 Loss: 1.383254
2026-06-10 11:20: Train Epoch 8: 80/569 Loss: 1.668086
2026-06-10 11:20: Train Epoch 8: 100/569 Loss: 1.386188
2026-06-10 11:21: Train Epoch 8: 120/569 Loss: 1.365665
2026-06-10 11:21: Train Epoch 8: 140/569 Loss: 1.513154
2026-06-10 11:21: Train Epoch 8: 160/569 Loss: 1.417527
2026-06-10 11:21: Train Epoch 8: 180/569 Loss: 1.622877
2026-06-10 11:21: Train Epoch 8: 200/569 Loss: 1.516363
2026-06-10 11:21: Train Epoch 8: 220/569 Loss: 1.498864
2026-06-10 11:21: Train Epoch 8: 240/569 Loss: 1.333264
2026-06-10 11:21: Train Epoch 8: 260/569 Loss: 1.418929
2026-06-10 11:21: Train Epoch 8: 280/569 Loss: 1.640172
2026-06-10 11:21: Train Epoch 8: 300/569 Loss: 1.470112
2026-06-10 11:21: Train Epoch 8: 320/569 Loss: 1.579740
2026-06-10 11:21: Train Epoch 8: 340/569 Loss: 1.416138
2026-06-10 11:21: Train Epoch 8: 360/569 Loss: 1.355051
2026-06-10 11:21: Train Epoch 8: 380/569 Loss: 1.387732
2026-06-10 11:21: Train Epoch 8: 400/569 Loss: 1.512664
2026-06-10 11:21: Train Epoch 8: 420/569 Loss: 1.437932
2026-06-10 11:21: Train Epoch 8: 440/569 Loss: 1.531534
2026-06-10 11:21: Train Epoch 8: 460/569 Loss: 1.624853
2026-06-10 11:22: Train Epoch 8: 480/569 Loss: 1.530092
2026-06-10 11:22: Train Epoch 8: 500/569 Loss: 1.508878
2026-06-10 11:22: Train Epoch 8: 520/569 Loss: 1.357587
2026-06-10 11:22: Train Epoch 8: 540/569 Loss: 1.429278
2026-06-10 11:22: Train Epoch 8: 560/569 Loss: 1.392054
2026-06-10 11:22: **********Train Epoch 8: averaged Loss: 1.468503, tf_ratio: 1.000000
2026-06-10 11:22: **********Val Epoch 8: average Loss: 1.635051
2026-06-10 11:22: Train Epoch 9: 0/569 Loss: 1.469586
2026-06-10 11:22: Train Epoch 9: 20/569 Loss: 1.629880
2026-06-10 11:22: Train Epoch 9: 40/569 Loss: 1.524689
2026-06-10 11:22: Train Epoch 9: 60/569 Loss: 1.414092
2026-06-10 11:22: Train Epoch 9: 80/569 Loss: 1.547036
2026-06-10 11:22: Train Epoch 9: 100/569 Loss: 1.315586
2026-06-10 11:22: Train Epoch 9: 120/569 Loss: 1.534636
2026-06-10 11:22: Train Epoch 9: 140/569 Loss: 1.456987
2026-06-10 11:22: Train Epoch 9: 160/569 Loss: 1.421991
2026-06-10 11:22: Train Epoch 9: 180/569 Loss: 1.324153
2026-06-10 11:22: Train Epoch 9: 200/569 Loss: 1.387889
2026-06-10 11:23: Train Epoch 9: 220/569 Loss: 1.591237
2026-06-10 11:23: Train Epoch 9: 240/569 Loss: 1.365058
2026-06-10 11:23: Train Epoch 9: 260/569 Loss: 1.544415
2026-06-10 11:23: Train Epoch 9: 280/569 Loss: 1.583177
2026-06-10 11:23: Train Epoch 9: 300/569 Loss: 1.424505
2026-06-10 11:23: Train Epoch 9: 320/569 Loss: 1.327794
2026-06-10 11:23: Train Epoch 9: 340/569 Loss: 1.581571
2026-06-10 11:23: Train Epoch 9: 360/569 Loss: 1.460773
2026-06-10 11:23: Train Epoch 9: 380/569 Loss: 1.583337
2026-06-10 11:23: Train Epoch 9: 400/569 Loss: 1.307047
2026-06-10 11:23: Train Epoch 9: 420/569 Loss: 1.471412
2026-06-10 11:23: Train Epoch 9: 440/569 Loss: 1.624578
2026-06-10 11:23: Train Epoch 9: 460/569 Loss: 1.452155
2026-06-10 11:23: Train Epoch 9: 480/569 Loss: 1.531777
2026-06-10 11:23: Train Epoch 9: 500/569 Loss: 1.458838
2026-06-10 11:23: Train Epoch 9: 520/569 Loss: 1.374580
2026-06-10 11:23: Train Epoch 9: 540/569 Loss: 1.476179
2026-06-10 11:23: Train Epoch 9: 560/569 Loss: 1.454165
2026-06-10 11:24: **********Train Epoch 9: averaged Loss: 1.451161, tf_ratio: 1.000000
2026-06-10 11:24: **********Val Epoch 9: average Loss: 1.623372
2026-06-10 11:24: *********************************Current best model saved!
2026-06-10 11:24: Train Epoch 10: 0/569 Loss: 1.313373
2026-06-10 11:24: Train Epoch 10: 20/569 Loss: 1.490635
2026-06-10 11:24: Train Epoch 10: 40/569 Loss: 1.361530
2026-06-10 11:24: Train Epoch 10: 60/569 Loss: 1.492979
2026-06-10 11:24: Train Epoch 10: 80/569 Loss: 1.350322
2026-06-10 11:24: Train Epoch 10: 100/569 Loss: 1.464337
2026-06-10 11:24: Train Epoch 10: 120/569 Loss: 1.548930
2026-06-10 11:24: Train Epoch 10: 140/569 Loss: 1.531648
2026-06-10 11:24: Train Epoch 10: 160/569 Loss: 1.427779
2026-06-10 11:24: Train Epoch 10: 180/569 Loss: 1.319835
2026-06-10 11:24: Train Epoch 10: 200/569 Loss: 1.394370
2026-06-10 11:24: Train Epoch 10: 220/569 Loss: 1.204833
2026-06-10 11:24: Train Epoch 10: 240/569 Loss: 1.410727
2026-06-10 11:24: Train Epoch 10: 260/569 Loss: 1.336157
2026-06-10 11:24: Train Epoch 10: 280/569 Loss: 1.341268
2026-06-10 11:24: Train Epoch 10: 300/569 Loss: 1.573012
2026-06-10 11:25: Train Epoch 10: 320/569 Loss: 1.459270
2026-06-10 11:25: Train Epoch 10: 340/569 Loss: 1.546358
2026-06-10 11:25: Train Epoch 10: 360/569 Loss: 1.312370
2026-06-10 11:25: Train Epoch 10: 380/569 Loss: 1.350837
2026-06-10 11:25: Train Epoch 10: 400/569 Loss: 1.515023
2026-06-10 11:25: Train Epoch 10: 420/569 Loss: 1.513845
2026-06-10 11:25: Train Epoch 10: 440/569 Loss: 1.521485
2026-06-10 11:25: Train Epoch 10: 460/569 Loss: 1.411981
2026-06-10 11:25: Train Epoch 10: 480/569 Loss: 1.421557
2026-06-10 11:25: Train Epoch 10: 500/569 Loss: 1.475757
2026-06-10 11:25: Train Epoch 10: 520/569 Loss: 1.210281
2026-06-10 11:25: Train Epoch 10: 540/569 Loss: 1.365093
2026-06-10 11:25: Train Epoch 10: 560/569 Loss: 1.507709
2026-06-10 11:25: **********Train Epoch 10: averaged Loss: 1.432364, tf_ratio: 1.000000
2026-06-10 11:25: **********Val Epoch 10: average Loss: 1.603814
2026-06-10 11:25: *********************************Current best model saved!
2026-06-10 11:25: Train Epoch 11: 0/569 Loss: 1.369028
2026-06-10 11:25: Train Epoch 11: 20/569 Loss: 1.418159
2026-06-10 11:25: Train Epoch 11: 40/569 Loss: 1.393177
2026-06-10 11:26: Train Epoch 11: 60/569 Loss: 1.237076
2026-06-10 11:26: Train Epoch 11: 80/569 Loss: 1.547634
2026-06-10 11:26: Train Epoch 11: 100/569 Loss: 1.329201
2026-06-10 11:26: Train Epoch 11: 120/569 Loss: 1.466394
2026-06-10 11:26: Train Epoch 11: 140/569 Loss: 1.426192
2026-06-10 11:26: Train Epoch 11: 160/569 Loss: 1.616085
2026-06-10 11:26: Train Epoch 11: 180/569 Loss: 1.425949
2026-06-10 11:26: Train Epoch 11: 200/569 Loss: 1.520252
2026-06-10 11:26: Train Epoch 11: 220/569 Loss: 1.487940
2026-06-10 11:26: Train Epoch 11: 240/569 Loss: 1.376264
2026-06-10 11:26: Train Epoch 11: 260/569 Loss: 1.323577
2026-06-10 11:26: Train Epoch 11: 280/569 Loss: 1.467717
2026-06-10 11:26: Train Epoch 11: 300/569 Loss: 1.519266
2026-06-10 11:26: Train Epoch 11: 320/569 Loss: 1.258550
2026-06-10 11:26: Train Epoch 11: 340/569 Loss: 1.342481
2026-06-10 11:26: Train Epoch 11: 360/569 Loss: 1.419041
2026-06-10 11:26: Train Epoch 11: 380/569 Loss: 1.338576
2026-06-10 11:26: Train Epoch 11: 400/569 Loss: 1.443050
2026-06-10 11:27: Train Epoch 11: 420/569 Loss: 1.392291
2026-06-10 11:27: Train Epoch 11: 440/569 Loss: 1.300149
2026-06-10 11:27: Train Epoch 11: 460/569 Loss: 1.310039
2026-06-10 11:27: Train Epoch 11: 480/569 Loss: 1.379965
2026-06-10 11:27: Train Epoch 11: 500/569 Loss: 1.268546
2026-06-10 11:27: Train Epoch 11: 520/569 Loss: 1.412226
2026-06-10 11:27: Train Epoch 11: 540/569 Loss: 1.307535
2026-06-10 11:27: Train Epoch 11: 560/569 Loss: 1.255867
2026-06-10 11:27: **********Train Epoch 11: averaged Loss: 1.415984, tf_ratio: 1.000000
2026-06-10 11:27: **********Val Epoch 11: average Loss: 1.604433
2026-06-10 11:27: Train Epoch 12: 0/569 Loss: 1.580578
2026-06-10 11:27: Train Epoch 12: 20/569 Loss: 1.378376
2026-06-10 11:27: Train Epoch 12: 40/569 Loss: 1.309352
2026-06-10 11:27: Train Epoch 12: 60/569 Loss: 1.343279
2026-06-10 11:27: Train Epoch 12: 80/569 Loss: 1.338409
2026-06-10 11:27: Train Epoch 12: 100/569 Loss: 1.349142
2026-06-10 11:27: Train Epoch 12: 120/569 Loss: 1.584839
2026-06-10 11:27: Train Epoch 12: 140/569 Loss: 1.378881
2026-06-10 11:28: Train Epoch 12: 160/569 Loss: 1.382532
2026-06-10 11:28: Train Epoch 12: 180/569 Loss: 1.374651
2026-06-10 11:28: Train Epoch 12: 200/569 Loss: 1.328256
2026-06-10 11:28: Train Epoch 12: 220/569 Loss: 1.585539
2026-06-10 11:28: Train Epoch 12: 240/569 Loss: 1.395310
2026-06-10 11:28: Train Epoch 12: 260/569 Loss: 1.494339
2026-06-10 11:28: Train Epoch 12: 280/569 Loss: 1.456214
2026-06-10 11:28: Train Epoch 12: 300/569 Loss: 1.369419
2026-06-10 11:28: Train Epoch 12: 320/569 Loss: 1.416954
2026-06-10 11:28: Train Epoch 12: 340/569 Loss: 1.234455
2026-06-10 11:28: Train Epoch 12: 360/569 Loss: 1.444996
2026-06-10 11:28: Train Epoch 12: 380/569 Loss: 1.522730
2026-06-10 11:28: Train Epoch 12: 400/569 Loss: 1.319638
2026-06-10 11:28: Train Epoch 12: 420/569 Loss: 1.344357
2026-06-10 11:28: Train Epoch 12: 440/569 Loss: 1.525184
2026-06-10 11:28: Train Epoch 12: 460/569 Loss: 1.677788
2026-06-10 11:28: Train Epoch 12: 480/569 Loss: 1.276319
2026-06-10 11:28: Train Epoch 12: 500/569 Loss: 1.408209
2026-06-10 11:29: Train Epoch 12: 520/569 Loss: 1.379055
2026-06-10 11:29: Train Epoch 12: 540/569 Loss: 1.259552
2026-06-10 11:29: Train Epoch 12: 560/569 Loss: 1.420084
2026-06-10 11:29: **********Train Epoch 12: averaged Loss: 1.404272, tf_ratio: 1.000000
2026-06-10 11:29: **********Val Epoch 12: average Loss: 1.603359
2026-06-10 11:29: *********************************Current best model saved!
2026-06-10 11:29: Train Epoch 13: 0/569 Loss: 1.300794
2026-06-10 11:29: Train Epoch 13: 20/569 Loss: 1.525985
2026-06-10 11:29: Train Epoch 13: 40/569 Loss: 1.402500
2026-06-10 11:29: Train Epoch 13: 60/569 Loss: 1.535832
2026-06-10 11:29: Train Epoch 13: 80/569 Loss: 1.230787
2026-06-10 11:29: Train Epoch 13: 100/569 Loss: 1.071226
2026-06-10 11:29: Train Epoch 13: 120/569 Loss: 1.372213
2026-06-10 11:29: Train Epoch 13: 140/569 Loss: 1.554117
2026-06-10 11:29: Train Epoch 13: 160/569 Loss: 1.415658
2026-06-10 11:29: Train Epoch 13: 180/569 Loss: 1.446103
2026-06-10 11:29: Train Epoch 13: 200/569 Loss: 1.255151
2026-06-10 11:29: Train Epoch 13: 220/569 Loss: 1.527799
2026-06-10 11:29: Train Epoch 13: 240/569 Loss: 1.374132
2026-06-10 11:30: Train Epoch 13: 260/569 Loss: 1.537491
2026-06-10 11:30: Train Epoch 13: 280/569 Loss: 1.408324
2026-06-10 11:30: Train Epoch 13: 300/569 Loss: 1.385457
2026-06-10 11:30: Train Epoch 13: 320/569 Loss: 1.304479
2026-06-10 11:30: Train Epoch 13: 340/569 Loss: 1.313067
2026-06-10 11:30: Train Epoch 13: 360/569 Loss: 1.302914
2026-06-10 11:30: Train Epoch 13: 380/569 Loss: 1.381068
2026-06-10 11:30: Train Epoch 13: 400/569 Loss: 1.453557
2026-06-10 11:30: Train Epoch 13: 420/569 Loss: 1.377771
2026-06-10 11:30: Train Epoch 13: 440/569 Loss: 1.275223
2026-06-10 11:30: Train Epoch 13: 460/569 Loss: 1.448787
2026-06-10 11:30: Train Epoch 13: 480/569 Loss: 1.461753
2026-06-10 11:30: Train Epoch 13: 500/569 Loss: 1.466394
2026-06-10 11:30: Train Epoch 13: 520/569 Loss: 1.322110
2026-06-10 11:30: Train Epoch 13: 540/569 Loss: 1.367244
2026-06-10 11:30: Train Epoch 13: 560/569 Loss: 1.376507
2026-06-10 11:30: **********Train Epoch 13: averaged Loss: 1.391018, tf_ratio: 1.000000
2026-06-10 11:30: **********Val Epoch 13: average Loss: 1.607666
2026-06-10 11:31: Train Epoch 14: 0/569 Loss: 1.380048
2026-06-10 11:31: Train Epoch 14: 20/569 Loss: 1.314036
2026-06-10 11:31: Train Epoch 14: 40/569 Loss: 1.293882
2026-06-10 11:31: Train Epoch 14: 60/569 Loss: 1.358943
2026-06-10 11:31: Train Epoch 14: 80/569 Loss: 1.494112
2026-06-10 11:31: Train Epoch 14: 100/569 Loss: 1.470336
2026-06-10 11:31: Train Epoch 14: 120/569 Loss: 1.421893
2026-06-10 11:31: Train Epoch 14: 140/569 Loss: 1.381999
2026-06-10 11:31: Train Epoch 14: 160/569 Loss: 1.368809
2026-06-10 11:31: Train Epoch 14: 180/569 Loss: 1.349287
2026-06-10 11:31: Train Epoch 14: 200/569 Loss: 1.356379
2026-06-10 11:31: Train Epoch 14: 220/569 Loss: 1.422859
2026-06-10 11:31: Train Epoch 14: 240/569 Loss: 1.369202
2026-06-10 11:31: Train Epoch 14: 260/569 Loss: 1.396548
2026-06-10 11:31: Train Epoch 14: 280/569 Loss: 1.598142
2026-06-10 11:31: Train Epoch 14: 300/569 Loss: 1.367534
2026-06-10 11:31: Train Epoch 14: 320/569 Loss: 1.260197
2026-06-10 11:31: Train Epoch 14: 340/569 Loss: 1.424476
2026-06-10 11:32: Train Epoch 14: 360/569 Loss: 1.482481
2026-06-10 11:32: Train Epoch 14: 380/569 Loss: 1.248732
2026-06-10 11:32: Train Epoch 14: 400/569 Loss: 1.521992
2026-06-10 11:32: Train Epoch 14: 420/569 Loss: 1.405372
2026-06-10 11:32: Train Epoch 14: 440/569 Loss: 1.229129
2026-06-10 11:32: Train Epoch 14: 460/569 Loss: 1.317127
2026-06-10 11:32: Train Epoch 14: 480/569 Loss: 1.325961
2026-06-10 11:32: Train Epoch 14: 500/569 Loss: 1.411264
2026-06-10 11:32: Train Epoch 14: 520/569 Loss: 1.312464
2026-06-10 11:32: Train Epoch 14: 540/569 Loss: 1.263128
2026-06-10 11:32: Train Epoch 14: 560/569 Loss: 1.485951
2026-06-10 11:32: **********Train Epoch 14: averaged Loss: 1.378572, tf_ratio: 1.000000
2026-06-10 11:32: **********Val Epoch 14: average Loss: 1.607936
2026-06-10 11:32: Train Epoch 15: 0/569 Loss: 1.475786
2026-06-10 11:32: Train Epoch 15: 20/569 Loss: 1.566384
2026-06-10 11:32: Train Epoch 15: 40/569 Loss: 1.347271
2026-06-10 11:32: Train Epoch 15: 60/569 Loss: 1.455988
2026-06-10 11:32: Train Epoch 15: 80/569 Loss: 1.286705
2026-06-10 11:33: Train Epoch 15: 100/569 Loss: 1.494499
2026-06-10 11:33: Train Epoch 15: 120/569 Loss: 1.320413
2026-06-10 11:33: Train Epoch 15: 140/569 Loss: 1.341125
2026-06-10 11:33: Train Epoch 15: 160/569 Loss: 1.438007
2026-06-10 11:33: Train Epoch 15: 180/569 Loss: 1.348356
2026-06-10 11:33: Train Epoch 15: 200/569 Loss: 1.333965
2026-06-10 11:33: Train Epoch 15: 220/569 Loss: 1.462752
2026-06-10 11:33: Train Epoch 15: 240/569 Loss: 1.306499
2026-06-10 11:33: Train Epoch 15: 260/569 Loss: 1.223623
2026-06-10 11:33: Train Epoch 15: 280/569 Loss: 1.220942
2026-06-10 11:33: Train Epoch 15: 300/569 Loss: 1.507446
2026-06-10 11:33: Train Epoch 15: 320/569 Loss: 1.487481
2026-06-10 11:33: Train Epoch 15: 340/569 Loss: 1.411352
2026-06-10 11:33: Train Epoch 15: 360/569 Loss: 1.280720
2026-06-10 11:33: Train Epoch 15: 380/569 Loss: 1.333483
2026-06-10 11:33: Train Epoch 15: 400/569 Loss: 1.485586
2026-06-10 11:33: Train Epoch 15: 420/569 Loss: 1.390392
2026-06-10 11:33: Train Epoch 15: 440/569 Loss: 1.383003
2026-06-10 11:34: Train Epoch 15: 460/569 Loss: 1.412578
2026-06-10 11:34: Train Epoch 15: 480/569 Loss: 1.351783
2026-06-10 11:34: Train Epoch 15: 500/569 Loss: 1.503951
2026-06-10 11:34: Train Epoch 15: 520/569 Loss: 1.272297
2026-06-10 11:34: Train Epoch 15: 540/569 Loss: 1.367370
2026-06-10 11:34: Train Epoch 15: 560/569 Loss: 1.357806
2026-06-10 11:34: **********Train Epoch 15: averaged Loss: 1.368935, tf_ratio: 1.000000
2026-06-10 11:34: **********Val Epoch 15: average Loss: 1.597336
2026-06-10 11:34: *********************************Current best model saved!
2026-06-10 11:34: Train Epoch 16: 0/569 Loss: 1.383706
2026-06-10 11:34: Train Epoch 16: 20/569 Loss: 1.315678
2026-06-10 11:34: Train Epoch 16: 40/569 Loss: 1.390802
2026-06-10 11:34: Train Epoch 16: 60/569 Loss: 1.331774
2026-06-10 11:34: Train Epoch 16: 80/569 Loss: 1.245625
2026-06-10 11:34: Train Epoch 16: 100/569 Loss: 1.190737
2026-06-10 11:34: Train Epoch 16: 120/569 Loss: 1.321372
2026-06-10 11:34: Train Epoch 16: 140/569 Loss: 1.071008
2026-06-10 11:34: Train Epoch 16: 160/569 Loss: 1.449270
2026-06-10 11:34: Train Epoch 16: 180/569 Loss: 1.569701
2026-06-10 11:35: Train Epoch 16: 200/569 Loss: 1.321803
2026-06-10 11:35: Train Epoch 16: 220/569 Loss: 1.465255
2026-06-10 11:35: Train Epoch 16: 240/569 Loss: 1.393086
2026-06-10 11:35: Train Epoch 16: 260/569 Loss: 1.476924
2026-06-10 11:35: Train Epoch 16: 280/569 Loss: 1.261555
2026-06-10 11:35: Train Epoch 16: 300/569 Loss: 1.260470
2026-06-10 11:35: Train Epoch 16: 320/569 Loss: 1.454437
2026-06-10 11:35: Train Epoch 16: 340/569 Loss: 1.508628
2026-06-10 11:35: Train Epoch 16: 360/569 Loss: 1.365694
2026-06-10 11:35: Train Epoch 16: 380/569 Loss: 1.307193
2026-06-10 11:35: Train Epoch 16: 400/569 Loss: 1.353555
2026-06-10 11:35: Train Epoch 16: 420/569 Loss: 1.345672
2026-06-10 11:35: Train Epoch 16: 440/569 Loss: 1.474083
2026-06-10 11:35: Train Epoch 16: 460/569 Loss: 1.282342
2026-06-10 11:35: Train Epoch 16: 480/569 Loss: 1.503034
2026-06-10 11:35: Train Epoch 16: 500/569 Loss: 1.402477
2026-06-10 11:35: Train Epoch 16: 520/569 Loss: 1.365679
2026-06-10 11:36: Train Epoch 16: 540/569 Loss: 1.265772
2026-06-10 11:36: Train Epoch 16: 560/569 Loss: 1.366037
2026-06-10 11:36: **********Train Epoch 16: averaged Loss: 1.356192, tf_ratio: 1.000000
2026-06-10 11:36: **********Val Epoch 16: average Loss: 1.597990
2026-06-10 11:36: Train Epoch 17: 0/569 Loss: 1.410440
2026-06-10 11:36: Train Epoch 17: 20/569 Loss: 1.282135
2026-06-10 11:36: Train Epoch 17: 40/569 Loss: 1.324194
2026-06-10 11:36: Train Epoch 17: 60/569 Loss: 1.173820
2026-06-10 11:36: Train Epoch 17: 80/569 Loss: 1.234472
2026-06-10 11:36: Train Epoch 17: 100/569 Loss: 1.336253
2026-06-10 11:36: Train Epoch 17: 120/569 Loss: 1.430398
2026-06-10 11:36: Train Epoch 17: 140/569 Loss: 1.249128
2026-06-10 11:36: Train Epoch 17: 160/569 Loss: 1.372455
2026-06-10 11:36: Train Epoch 17: 180/569 Loss: 1.312464
2026-06-10 11:36: Train Epoch 17: 200/569 Loss: 1.361739
2026-06-10 11:36: Train Epoch 17: 220/569 Loss: 1.340384
2026-06-10 11:36: Train Epoch 17: 240/569 Loss: 1.446061
2026-06-10 11:36: Train Epoch 17: 260/569 Loss: 1.135268
2026-06-10 11:36: Train Epoch 17: 280/569 Loss: 1.324227
2026-06-10 11:37: Train Epoch 17: 300/569 Loss: 1.280724
2026-06-10 11:37: Train Epoch 17: 320/569 Loss: 1.292770
2026-06-10 11:37: Train Epoch 17: 340/569 Loss: 1.355718
2026-06-10 11:37: Train Epoch 17: 360/569 Loss: 1.293734
2026-06-10 11:37: Train Epoch 17: 380/569 Loss: 1.386914
2026-06-10 11:37: Train Epoch 17: 400/569 Loss: 1.539708
2026-06-10 11:37: Train Epoch 17: 420/569 Loss: 1.376598
2026-06-10 11:37: Train Epoch 17: 440/569 Loss: 1.339990
2026-06-10 11:37: Train Epoch 17: 460/569 Loss: 1.386194
2026-06-10 11:37: Train Epoch 17: 480/569 Loss: 1.404607
2026-06-10 11:37: Train Epoch 17: 500/569 Loss: 1.498342
2026-06-10 11:37: Train Epoch 17: 520/569 Loss: 1.280643
2026-06-10 11:37: Train Epoch 17: 540/569 Loss: 1.304537
2026-06-10 11:37: Train Epoch 17: 560/569 Loss: 1.451094
2026-06-10 11:37: **********Train Epoch 17: averaged Loss: 1.346735, tf_ratio: 1.000000
2026-06-10 11:37: **********Val Epoch 17: average Loss: 1.597586
2026-06-10 11:37: Train Epoch 18: 0/569 Loss: 1.352661
2026-06-10 11:37: Train Epoch 18: 20/569 Loss: 1.360582
2026-06-10 11:38: Train Epoch 18: 40/569 Loss: 1.320714
2026-06-10 11:38: Train Epoch 18: 60/569 Loss: 1.292124
2026-06-10 11:38: Train Epoch 18: 80/569 Loss: 1.314514
2026-06-10 11:38: Train Epoch 18: 100/569 Loss: 1.248383
2026-06-10 11:38: Train Epoch 18: 120/569 Loss: 1.452547
2026-06-10 11:38: Train Epoch 18: 140/569 Loss: 1.213230
2026-06-10 11:38: Train Epoch 18: 160/569 Loss: 1.457495
2026-06-10 11:38: Train Epoch 18: 180/569 Loss: 1.304116
2026-06-10 11:38: Train Epoch 18: 200/569 Loss: 1.546830
2026-06-10 11:38: Train Epoch 18: 220/569 Loss: 1.243632
2026-06-10 11:38: Train Epoch 18: 240/569 Loss: 1.438040
2026-06-10 11:38: Train Epoch 18: 260/569 Loss: 1.426265
2026-06-10 11:38: Train Epoch 18: 280/569 Loss: 1.366124
2026-06-10 11:38: Train Epoch 18: 300/569 Loss: 1.388817
2026-06-10 11:38: Train Epoch 18: 320/569 Loss: 1.274354
2026-06-10 11:38: Train Epoch 18: 340/569 Loss: 1.542220
2026-06-10 11:38: Train Epoch 18: 360/569 Loss: 1.418479
2026-06-10 11:38: Train Epoch 18: 380/569 Loss: 1.444346
2026-06-10 11:39: Train Epoch 18: 400/569 Loss: 1.266080
2026-06-10 11:39: Train Epoch 18: 420/569 Loss: 1.263530
2026-06-10 11:39: Train Epoch 18: 440/569 Loss: 1.283032
2026-06-10 11:39: Train Epoch 18: 460/569 Loss: 1.319695
2026-06-10 11:39: Train Epoch 18: 480/569 Loss: 1.430172
2026-06-10 11:39: Train Epoch 18: 500/569 Loss: 1.417877
2026-06-10 11:39: Train Epoch 18: 520/569 Loss: 1.303948
2026-06-10 11:39: Train Epoch 18: 540/569 Loss: 1.384498
2026-06-10 11:39: Train Epoch 18: 560/569 Loss: 1.278615
2026-06-10 11:39: **********Train Epoch 18: averaged Loss: 1.338282, tf_ratio: 1.000000
2026-06-10 11:39: **********Val Epoch 18: average Loss: 1.593579
2026-06-10 11:39: *********************************Current best model saved!
2026-06-10 11:39: Train Epoch 19: 0/569 Loss: 1.380629
2026-06-10 11:39: Train Epoch 19: 20/569 Loss: 1.348881
2026-06-10 11:39: Train Epoch 19: 40/569 Loss: 1.224335
2026-06-10 11:39: Train Epoch 19: 60/569 Loss: 1.220910
2026-06-10 11:39: Train Epoch 19: 80/569 Loss: 1.426441
2026-06-10 11:39: Train Epoch 19: 100/569 Loss: 1.304065
2026-06-10 11:39: Train Epoch 19: 120/569 Loss: 1.357816
2026-06-10 11:40: Train Epoch 19: 140/569 Loss: 1.329779
2026-06-10 11:40: Train Epoch 19: 160/569 Loss: 1.326255
2026-06-10 11:40: Train Epoch 19: 180/569 Loss: 1.322040
2026-06-10 11:40: Train Epoch 19: 200/569 Loss: 1.321077
2026-06-10 11:40: Train Epoch 19: 220/569 Loss: 1.382368
2026-06-10 11:40: Train Epoch 19: 240/569 Loss: 1.232208
2026-06-10 11:40: Train Epoch 19: 260/569 Loss: 1.422054
2026-06-10 11:40: Train Epoch 19: 280/569 Loss: 1.305980
2026-06-10 11:40: Train Epoch 19: 300/569 Loss: 1.303376
2026-06-10 11:40: Train Epoch 19: 320/569 Loss: 1.290284
2026-06-10 11:40: Train Epoch 19: 340/569 Loss: 1.202294
2026-06-10 11:40: Train Epoch 19: 360/569 Loss: 1.222052
2026-06-10 11:40: Train Epoch 19: 380/569 Loss: 1.445006
2026-06-10 11:40: Train Epoch 19: 400/569 Loss: 1.327132
2026-06-10 11:40: Train Epoch 19: 420/569 Loss: 1.362587
2026-06-10 11:40: Train Epoch 19: 440/569 Loss: 1.423369
2026-06-10 11:40: Train Epoch 19: 460/569 Loss: 1.414451
2026-06-10 11:40: Train Epoch 19: 480/569 Loss: 1.245214
2026-06-10 11:41: Train Epoch 19: 500/569 Loss: 1.305777
2026-06-10 11:41: Train Epoch 19: 520/569 Loss: 1.368001
2026-06-10 11:41: Train Epoch 19: 540/569 Loss: 1.295743
2026-06-10 11:41: Train Epoch 19: 560/569 Loss: 1.364136
2026-06-10 11:41: **********Train Epoch 19: averaged Loss: 1.331264, tf_ratio: 1.000000
2026-06-10 11:41: **********Val Epoch 19: average Loss: 1.605706
2026-06-10 11:41: Train Epoch 20: 0/569 Loss: 1.439800
2026-06-10 11:41: Train Epoch 20: 20/569 Loss: 1.384763
2026-06-10 11:41: Train Epoch 20: 40/569 Loss: 1.208023
2026-06-10 11:41: Train Epoch 20: 60/569 Loss: 1.311397
2026-06-10 11:41: Train Epoch 20: 80/569 Loss: 1.402169
2026-06-10 11:41: Train Epoch 20: 100/569 Loss: 1.292146
2026-06-10 11:41: Train Epoch 20: 120/569 Loss: 1.386917
2026-06-10 11:41: Train Epoch 20: 140/569 Loss: 1.128408
2026-06-10 11:41: Train Epoch 20: 160/569 Loss: 1.395633
2026-06-10 11:41: Train Epoch 20: 180/569 Loss: 1.242928
2026-06-10 11:41: Train Epoch 20: 200/569 Loss: 1.454773
2026-06-10 11:41: Train Epoch 20: 220/569 Loss: 1.302194
2026-06-10 11:42: Train Epoch 20: 240/569 Loss: 1.423762
2026-06-10 11:42: Train Epoch 20: 260/569 Loss: 1.266478
2026-06-10 11:42: Train Epoch 20: 280/569 Loss: 1.238748
2026-06-10 11:42: Train Epoch 20: 300/569 Loss: 1.327215
2026-06-10 11:42: Train Epoch 20: 320/569 Loss: 1.232675
2026-06-10 11:42: Train Epoch 20: 340/569 Loss: 1.249895
2026-06-10 11:42: Train Epoch 20: 360/569 Loss: 1.357020
2026-06-10 11:42: Train Epoch 20: 380/569 Loss: 1.419008
2026-06-10 11:42: Train Epoch 20: 400/569 Loss: 1.332314
2026-06-10 11:42: Train Epoch 20: 420/569 Loss: 1.380650
2026-06-10 11:42: Train Epoch 20: 440/569 Loss: 1.297936
2026-06-10 11:42: Train Epoch 20: 460/569 Loss: 1.237524
2026-06-10 11:42: Train Epoch 20: 480/569 Loss: 1.240417
2026-06-10 11:42: Train Epoch 20: 500/569 Loss: 1.239754
2026-06-10 11:42: Train Epoch 20: 520/569 Loss: 1.184302
2026-06-10 11:42: Train Epoch 20: 540/569 Loss: 1.302959
2026-06-10 11:42: Train Epoch 20: 560/569 Loss: 1.366273
2026-06-10 11:42: **********Train Epoch 20: averaged Loss: 1.322151, tf_ratio: 1.000000
2026-06-10 11:43: **********Val Epoch 20: average Loss: 1.593139
2026-06-10 11:43: *********************************Current best model saved!
2026-06-10 11:43: Train Epoch 21: 0/569 Loss: 1.319349
2026-06-10 11:43: Train Epoch 21: 20/569 Loss: 1.323409
2026-06-10 11:43: Train Epoch 21: 40/569 Loss: 1.305688
2026-06-10 11:43: Train Epoch 21: 60/569 Loss: 1.320406
2026-06-10 11:43: Train Epoch 21: 80/569 Loss: 1.321521
2026-06-10 11:43: Train Epoch 21: 100/569 Loss: 1.327785
2026-06-10 11:43: Train Epoch 21: 120/569 Loss: 1.419972
2026-06-10 11:43: Train Epoch 21: 140/569 Loss: 1.363068
2026-06-10 11:43: Train Epoch 21: 160/569 Loss: 1.343371
2026-06-10 11:43: Train Epoch 21: 180/569 Loss: 1.276273
2026-06-10 11:43: Train Epoch 21: 200/569 Loss: 1.356071
2026-06-10 11:43: Train Epoch 21: 220/569 Loss: 1.284527
2026-06-10 11:43: Train Epoch 21: 240/569 Loss: 1.267096
2026-06-10 11:43: Train Epoch 21: 260/569 Loss: 1.327758
2026-06-10 11:43: Train Epoch 21: 280/569 Loss: 1.265858
2026-06-10 11:43: Train Epoch 21: 300/569 Loss: 1.319558
2026-06-10 11:43: Train Epoch 21: 320/569 Loss: 1.285126
2026-06-10 11:44: Train Epoch 21: 340/569 Loss: 1.259707
2026-06-10 11:44: Train Epoch 21: 360/569 Loss: 1.351178
2026-06-10 11:44: Train Epoch 21: 380/569 Loss: 1.338074
2026-06-10 11:44: Train Epoch 21: 400/569 Loss: 1.283809
2026-06-10 11:44: Train Epoch 21: 420/569 Loss: 1.203397
2026-06-10 11:44: Train Epoch 21: 440/569 Loss: 1.332649
2026-06-10 11:44: Train Epoch 21: 460/569 Loss: 1.193070
2026-06-10 11:44: Train Epoch 21: 480/569 Loss: 1.355740
2026-06-10 11:44: Train Epoch 21: 500/569 Loss: 1.381381
2026-06-10 11:44: Train Epoch 21: 520/569 Loss: 1.239563
2026-06-10 11:44: Train Epoch 21: 540/569 Loss: 1.210325
2026-06-10 11:44: Train Epoch 21: 560/569 Loss: 1.309767
2026-06-10 11:44: **********Train Epoch 21: averaged Loss: 1.314780, tf_ratio: 1.000000
2026-06-10 11:44: **********Val Epoch 21: average Loss: 1.592924
2026-06-10 11:44: *********************************Current best model saved!
2026-06-10 11:44: Train Epoch 22: 0/569 Loss: 1.299785
2026-06-10 11:44: Train Epoch 22: 20/569 Loss: 1.310921
2026-06-10 11:44: Train Epoch 22: 40/569 Loss: 1.185490
2026-06-10 11:44: Train Epoch 22: 60/569 Loss: 1.424371
2026-06-10 11:45: Train Epoch 22: 80/569 Loss: 1.228665
2026-06-10 11:45: Train Epoch 22: 100/569 Loss: 1.412628
2026-06-10 11:45: Train Epoch 22: 120/569 Loss: 1.448037
2026-06-10 11:45: Train Epoch 22: 140/569 Loss: 1.236010
2026-06-10 11:45: Train Epoch 22: 160/569 Loss: 1.280902
2026-06-10 11:45: Train Epoch 22: 180/569 Loss: 1.505074
2026-06-10 11:45: Train Epoch 22: 200/569 Loss: 1.206116
2026-06-10 11:45: Train Epoch 22: 220/569 Loss: 1.319615
2026-06-10 11:45: Train Epoch 22: 240/569 Loss: 1.255872
2026-06-10 11:45: Train Epoch 22: 260/569 Loss: 1.285710
2026-06-10 11:45: Train Epoch 22: 280/569 Loss: 1.173947
2026-06-10 11:45: Train Epoch 22: 300/569 Loss: 1.191038
2026-06-10 11:45: Train Epoch 22: 320/569 Loss: 1.367878
2026-06-10 11:45: Train Epoch 22: 340/569 Loss: 1.466635
2026-06-10 11:45: Train Epoch 22: 360/569 Loss: 1.226940
2026-06-10 11:45: Train Epoch 22: 380/569 Loss: 1.290245
2026-06-10 11:45: Train Epoch 22: 400/569 Loss: 1.459803
2026-06-10 11:45: Train Epoch 22: 420/569 Loss: 1.269751
2026-06-10 11:46: Train Epoch 22: 440/569 Loss: 1.314572
2026-06-10 11:46: Train Epoch 22: 460/569 Loss: 1.339310
2026-06-10 11:46: Train Epoch 22: 480/569 Loss: 1.367089
2026-06-10 11:46: Train Epoch 22: 500/569 Loss: 1.231798
2026-06-10 11:46: Train Epoch 22: 520/569 Loss: 1.365729
2026-06-10 11:46: Train Epoch 22: 540/569 Loss: 1.300765
2026-06-10 11:46: Train Epoch 22: 560/569 Loss: 1.429227
2026-06-10 11:46: **********Train Epoch 22: averaged Loss: 1.306782, tf_ratio: 1.000000
2026-06-10 11:46: **********Val Epoch 22: average Loss: 1.605131
2026-06-10 11:46: Train Epoch 23: 0/569 Loss: 1.286660
2026-06-10 11:46: Train Epoch 23: 20/569 Loss: 1.271672
2026-06-10 11:46: Train Epoch 23: 40/569 Loss: 1.343743
2026-06-10 11:46: Train Epoch 23: 60/569 Loss: 1.250344
2026-06-10 11:46: Train Epoch 23: 80/569 Loss: 1.244428
2026-06-10 11:46: Train Epoch 23: 100/569 Loss: 1.161573
2026-06-10 11:46: Train Epoch 23: 120/569 Loss: 1.329662
2026-06-10 11:46: Train Epoch 23: 140/569 Loss: 1.147227
2026-06-10 11:46: Train Epoch 23: 160/569 Loss: 1.290579
2026-06-10 11:47: Train Epoch 23: 180/569 Loss: 1.240711
2026-06-10 11:47: Train Epoch 23: 200/569 Loss: 1.443888
2026-06-10 11:47: Train Epoch 23: 220/569 Loss: 1.363983
2026-06-10 11:47: Train Epoch 23: 240/569 Loss: 1.144924
2026-06-10 11:47: Train Epoch 23: 260/569 Loss: 1.319720
2026-06-10 11:47: Train Epoch 23: 280/569 Loss: 1.311078
2026-06-10 11:47: Train Epoch 23: 300/569 Loss: 1.230943
2026-06-10 11:47: Train Epoch 23: 320/569 Loss: 1.259084
2026-06-10 11:47: Train Epoch 23: 340/569 Loss: 1.301948
2026-06-10 11:47: Train Epoch 23: 360/569 Loss: 1.309140
2026-06-10 11:47: Train Epoch 23: 380/569 Loss: 1.352881
2026-06-10 11:47: Train Epoch 23: 400/569 Loss: 1.362341
2026-06-10 11:47: Train Epoch 23: 420/569 Loss: 1.254730
2026-06-10 11:47: Train Epoch 23: 440/569 Loss: 1.258010
2026-06-10 11:47: Train Epoch 23: 460/569 Loss: 1.355392
2026-06-10 11:47: Train Epoch 23: 480/569 Loss: 1.214701
2026-06-10 11:47: Train Epoch 23: 500/569 Loss: 1.237837
2026-06-10 11:48: Train Epoch 23: 520/569 Loss: 1.160959
2026-06-10 11:48: Train Epoch 23: 540/569 Loss: 1.363170
2026-06-10 11:48: Train Epoch 23: 560/569 Loss: 1.160175
2026-06-10 11:48: **********Train Epoch 23: averaged Loss: 1.300819, tf_ratio: 1.000000
2026-06-10 11:48: **********Val Epoch 23: average Loss: 1.599714
2026-06-10 11:48: Train Epoch 24: 0/569 Loss: 1.257759
2026-06-10 11:48: Train Epoch 24: 20/569 Loss: 1.183824
2026-06-10 11:48: Train Epoch 24: 40/569 Loss: 1.199417
2026-06-10 11:48: Train Epoch 24: 60/569 Loss: 1.177197
2026-06-10 11:48: Train Epoch 24: 80/569 Loss: 1.330510
2026-06-10 11:48: Train Epoch 24: 100/569 Loss: 1.166331
2026-06-10 11:48: Train Epoch 24: 120/569 Loss: 1.250183
2026-06-10 11:48: Train Epoch 24: 140/569 Loss: 1.396377
2026-06-10 11:48: Train Epoch 24: 160/569 Loss: 1.140342
2026-06-10 11:48: Train Epoch 24: 180/569 Loss: 1.201307
2026-06-10 11:48: Train Epoch 24: 200/569 Loss: 1.371285
2026-06-10 11:48: Train Epoch 24: 220/569 Loss: 1.400806
2026-06-10 11:48: Train Epoch 24: 240/569 Loss: 1.358559
2026-06-10 11:48: Train Epoch 24: 260/569 Loss: 1.295268
2026-06-10 11:49: Train Epoch 24: 280/569 Loss: 1.299314
2026-06-10 11:49: Train Epoch 24: 300/569 Loss: 1.236435
2026-06-10 11:49: Train Epoch 24: 320/569 Loss: 1.206070
2026-06-10 11:49: Train Epoch 24: 340/569 Loss: 1.293373
2026-06-10 11:49: Train Epoch 24: 360/569 Loss: 1.222323
2026-06-10 11:49: Train Epoch 24: 380/569 Loss: 1.338189
2026-06-10 11:49: Train Epoch 24: 400/569 Loss: 1.420455
2026-06-10 11:49: Train Epoch 24: 420/569 Loss: 1.288217
2026-06-10 11:49: Train Epoch 24: 440/569 Loss: 1.274914
2026-06-10 11:49: Train Epoch 24: 460/569 Loss: 1.285242
2026-06-10 11:49: Train Epoch 24: 480/569 Loss: 1.296189
2026-06-10 11:49: Train Epoch 24: 500/569 Loss: 1.324971
2026-06-10 11:49: Train Epoch 24: 520/569 Loss: 1.089044
2026-06-10 11:49: Train Epoch 24: 540/569 Loss: 1.421052
2026-06-10 11:49: Train Epoch 24: 560/569 Loss: 1.234632
2026-06-10 11:49: **********Train Epoch 24: averaged Loss: 1.294594, tf_ratio: 1.000000
2026-06-10 11:49: **********Val Epoch 24: average Loss: 1.600045
2026-06-10 11:49: Train Epoch 25: 0/569 Loss: 1.401717
2026-06-10 11:50: Train Epoch 25: 20/569 Loss: 1.333853
2026-06-10 11:50: Train Epoch 25: 40/569 Loss: 1.424132
2026-06-10 11:50: Train Epoch 25: 60/569 Loss: 1.349485
2026-06-10 11:50: Train Epoch 25: 80/569 Loss: 1.250616
2026-06-10 11:50: Train Epoch 25: 100/569 Loss: 1.321737
2026-06-10 11:50: Train Epoch 25: 120/569 Loss: 1.280098
2026-06-10 11:50: Train Epoch 25: 140/569 Loss: 1.297277
2026-06-10 11:50: Train Epoch 25: 160/569 Loss: 1.300839
2026-06-10 11:50: Train Epoch 25: 180/569 Loss: 1.165632
2026-06-10 11:50: Train Epoch 25: 200/569 Loss: 1.408849
2026-06-10 11:50: Train Epoch 25: 220/569 Loss: 1.219614
2026-06-10 11:50: Train Epoch 25: 240/569 Loss: 1.214254
2026-06-10 11:50: Train Epoch 25: 260/569 Loss: 1.310547
2026-06-10 11:50: Train Epoch 25: 280/569 Loss: 1.269639
2026-06-10 11:50: Train Epoch 25: 300/569 Loss: 1.377573
2026-06-10 11:50: Train Epoch 25: 320/569 Loss: 1.353746
2026-06-10 11:50: Train Epoch 25: 340/569 Loss: 1.294838
2026-06-10 11:50: Train Epoch 25: 360/569 Loss: 1.506765
2026-06-10 11:51: Train Epoch 25: 380/569 Loss: 1.177381
2026-06-10 11:51: Train Epoch 25: 400/569 Loss: 1.354330
2026-06-10 11:51: Train Epoch 25: 420/569 Loss: 1.345336
2026-06-10 11:51: Train Epoch 25: 440/569 Loss: 1.343730
2026-06-10 11:51: Train Epoch 25: 460/569 Loss: 1.268469
2026-06-10 11:51: Train Epoch 25: 480/569 Loss: 1.191841
2026-06-10 11:51: Train Epoch 25: 500/569 Loss: 1.262375
2026-06-10 11:51: Train Epoch 25: 520/569 Loss: 1.242792
2026-06-10 11:51: Train Epoch 25: 540/569 Loss: 1.212381
2026-06-10 11:51: Train Epoch 25: 560/569 Loss: 1.179263
2026-06-10 11:51: **********Train Epoch 25: averaged Loss: 1.288106, tf_ratio: 1.000000
2026-06-10 11:51: **********Val Epoch 25: average Loss: 1.602521
2026-06-10 11:51: Train Epoch 26: 0/569 Loss: 1.279590
2026-06-10 11:51: Train Epoch 26: 20/569 Loss: 1.123289
2026-06-10 11:51: Train Epoch 26: 40/569 Loss: 1.308734
2026-06-10 11:51: Train Epoch 26: 60/569 Loss: 1.397798
2026-06-10 11:51: Train Epoch 26: 80/569 Loss: 1.503518
2026-06-10 11:51: Train Epoch 26: 100/569 Loss: 1.369791
2026-06-10 11:52: Train Epoch 26: 120/569 Loss: 1.335207
2026-06-10 11:52: Train Epoch 26: 140/569 Loss: 1.369123
2026-06-10 11:52: Train Epoch 26: 160/569 Loss: 1.292572
2026-06-10 11:52: Train Epoch 26: 180/569 Loss: 1.209461
2026-06-10 11:52: Train Epoch 26: 200/569 Loss: 1.253604
2026-06-10 11:52: Train Epoch 26: 220/569 Loss: 1.334653
2026-06-10 11:52: Train Epoch 26: 240/569 Loss: 1.243958
2026-06-10 11:52: Train Epoch 26: 260/569 Loss: 1.198441
2026-06-10 11:52: Train Epoch 26: 280/569 Loss: 1.131418
2026-06-10 11:52: Train Epoch 26: 300/569 Loss: 1.229476
2026-06-10 11:52: Train Epoch 26: 320/569 Loss: 1.283254
2026-06-10 11:52: Train Epoch 26: 340/569 Loss: 1.352070
2026-06-10 11:52: Train Epoch 26: 360/569 Loss: 1.330259
2026-06-10 11:52: Train Epoch 26: 380/569 Loss: 1.221341
2026-06-10 11:52: Train Epoch 26: 400/569 Loss: 1.310901
2026-06-10 11:52: Train Epoch 26: 420/569 Loss: 1.300489
2026-06-10 11:52: Train Epoch 26: 440/569 Loss: 1.242439
2026-06-10 11:53: Train Epoch 26: 460/569 Loss: 1.374022
2026-06-10 11:53: Train Epoch 26: 480/569 Loss: 1.249787
2026-06-10 11:53: Train Epoch 26: 500/569 Loss: 1.264359
2026-06-10 11:53: Train Epoch 26: 520/569 Loss: 1.200155
2026-06-10 11:53: Train Epoch 26: 540/569 Loss: 1.165735
2026-06-10 11:53: Train Epoch 26: 560/569 Loss: 1.406744
2026-06-10 11:53: **********Train Epoch 26: averaged Loss: 1.283130, tf_ratio: 1.000000
2026-06-10 11:53: **********Val Epoch 26: average Loss: 1.600920
2026-06-10 11:53: Train Epoch 27: 0/569 Loss: 1.192826
2026-06-10 11:53: Train Epoch 27: 20/569 Loss: 1.241843
2026-06-10 11:53: Train Epoch 27: 40/569 Loss: 1.255591
2026-06-10 11:53: Train Epoch 27: 60/569 Loss: 1.341652
2026-06-10 11:53: Train Epoch 27: 80/569 Loss: 1.271354
2026-06-10 11:53: Train Epoch 27: 100/569 Loss: 1.241492
2026-06-10 11:53: Train Epoch 27: 120/569 Loss: 1.272591
2026-06-10 11:53: Train Epoch 27: 140/569 Loss: 1.253131
2026-06-10 11:53: Train Epoch 27: 160/569 Loss: 1.340803
2026-06-10 11:53: Train Epoch 27: 180/569 Loss: 1.244713
2026-06-10 11:53: Train Epoch 27: 200/569 Loss: 1.186263
2026-06-10 11:54: Train Epoch 27: 220/569 Loss: 1.322760
2026-06-10 11:54: Train Epoch 27: 240/569 Loss: 1.332664
2026-06-10 11:54: Train Epoch 27: 260/569 Loss: 1.138494
2026-06-10 11:54: Train Epoch 27: 280/569 Loss: 1.276596
2026-06-10 11:54: Train Epoch 27: 300/569 Loss: 1.372350
2026-06-10 11:54: Train Epoch 27: 320/569 Loss: 1.179616
2026-06-10 11:54: Train Epoch 27: 340/569 Loss: 1.252930
2026-06-10 11:54: Train Epoch 27: 360/569 Loss: 1.288899
2026-06-10 11:54: Train Epoch 27: 380/569 Loss: 1.350545
2026-06-10 11:54: Train Epoch 27: 400/569 Loss: 1.155905
2026-06-10 11:54: Train Epoch 27: 420/569 Loss: 1.169723
2026-06-10 11:54: Train Epoch 27: 440/569 Loss: 1.299468
2026-06-10 11:54: Train Epoch 27: 460/569 Loss: 1.257898
2026-06-10 11:54: Train Epoch 27: 480/569 Loss: 1.281603
2026-06-10 11:54: Train Epoch 27: 500/569 Loss: 1.236870
2026-06-10 11:54: Train Epoch 27: 520/569 Loss: 1.353338
2026-06-10 11:54: Train Epoch 27: 540/569 Loss: 1.223916
2026-06-10 11:55: Train Epoch 27: 560/569 Loss: 1.223886
2026-06-10 11:55: **********Train Epoch 27: averaged Loss: 1.277096, tf_ratio: 1.000000
2026-06-10 11:55: **********Val Epoch 27: average Loss: 1.596683
2026-06-10 11:55: Train Epoch 28: 0/569 Loss: 1.329445
2026-06-10 11:55: Train Epoch 28: 20/569 Loss: 1.323306
2026-06-10 11:55: Train Epoch 28: 40/569 Loss: 1.309262
2026-06-10 11:55: Train Epoch 28: 60/569 Loss: 1.349920
2026-06-10 11:55: Train Epoch 28: 80/569 Loss: 1.254142
2026-06-10 11:55: Train Epoch 28: 100/569 Loss: 1.225518
2026-06-10 11:55: Train Epoch 28: 120/569 Loss: 1.160789
2026-06-10 11:55: Train Epoch 28: 140/569 Loss: 1.288109
2026-06-10 11:55: Train Epoch 28: 160/569 Loss: 1.254822
2026-06-10 11:55: Train Epoch 28: 180/569 Loss: 1.457927
2026-06-10 11:55: Train Epoch 28: 200/569 Loss: 1.332596
2026-06-10 11:55: Train Epoch 28: 220/569 Loss: 1.329643
2026-06-10 11:55: Train Epoch 28: 240/569 Loss: 1.323065
2026-06-10 11:55: Train Epoch 28: 260/569 Loss: 1.241198
2026-06-10 11:55: Train Epoch 28: 280/569 Loss: 1.359764
2026-06-10 11:55: Train Epoch 28: 300/569 Loss: 1.170051
2026-06-10 11:56: Train Epoch 28: 320/569 Loss: 1.382978
2026-06-10 11:56: Train Epoch 28: 340/569 Loss: 1.140611
2026-06-10 11:56: Train Epoch 28: 360/569 Loss: 1.223126
2026-06-10 11:56: Train Epoch 28: 380/569 Loss: 1.340936
2026-06-10 11:56: Train Epoch 28: 400/569 Loss: 1.390543
2026-06-10 11:56: Train Epoch 28: 420/569 Loss: 1.271408
2026-06-10 11:56: Train Epoch 28: 440/569 Loss: 1.373128
2026-06-10 11:56: Train Epoch 28: 460/569 Loss: 1.224883
2026-06-10 11:56: Train Epoch 28: 480/569 Loss: 1.353006
2026-06-10 11:56: Train Epoch 28: 500/569 Loss: 1.305857
2026-06-10 11:56: Train Epoch 28: 520/569 Loss: 1.138012
2026-06-10 11:56: Train Epoch 28: 540/569 Loss: 1.301904
2026-06-10 11:56: Train Epoch 28: 560/569 Loss: 1.319238
2026-06-10 11:56: **********Train Epoch 28: averaged Loss: 1.271547, tf_ratio: 1.000000
2026-06-10 11:56: **********Val Epoch 28: average Loss: 1.600703
2026-06-10 11:56: Train Epoch 29: 0/569 Loss: 1.240767
2026-06-10 11:56: Train Epoch 29: 20/569 Loss: 1.321304
2026-06-10 11:56: Train Epoch 29: 40/569 Loss: 1.218530
2026-06-10 11:57: Train Epoch 29: 60/569 Loss: 1.144529
2026-06-10 11:57: Train Epoch 29: 80/569 Loss: 1.269168
2026-06-10 11:57: Train Epoch 29: 100/569 Loss: 1.169356
2026-06-10 11:57: Train Epoch 29: 120/569 Loss: 1.249605
2026-06-10 11:57: Train Epoch 29: 140/569 Loss: 1.517157
2026-06-10 11:57: Train Epoch 29: 160/569 Loss: 1.182200
2026-06-10 11:57: Train Epoch 29: 180/569 Loss: 1.281478
2026-06-10 11:57: Train Epoch 29: 200/569 Loss: 1.273669
2026-06-10 11:57: Train Epoch 29: 220/569 Loss: 1.409734
2026-06-10 11:57: Train Epoch 29: 240/569 Loss: 1.236110
2026-06-10 11:57: Train Epoch 29: 260/569 Loss: 1.263314
2026-06-10 11:57: Train Epoch 29: 280/569 Loss: 1.273558
2026-06-10 11:57: Train Epoch 29: 300/569 Loss: 1.168802
2026-06-10 11:57: Train Epoch 29: 320/569 Loss: 1.225639
2026-06-10 11:57: Train Epoch 29: 340/569 Loss: 1.370788
2026-06-10 11:57: Train Epoch 29: 360/569 Loss: 1.374638
2026-06-10 11:57: Train Epoch 29: 380/569 Loss: 1.329548
2026-06-10 11:58: Train Epoch 29: 400/569 Loss: 1.193839
2026-06-10 11:58: Train Epoch 29: 420/569 Loss: 1.409003
2026-06-10 11:58: Train Epoch 29: 440/569 Loss: 1.192773
2026-06-10 11:58: Train Epoch 29: 460/569 Loss: 1.288775
2026-06-10 11:58: Train Epoch 29: 480/569 Loss: 1.352880
2026-06-10 11:58: Train Epoch 29: 500/569 Loss: 1.440212
2026-06-10 11:58: Train Epoch 29: 520/569 Loss: 1.394147
2026-06-10 11:58: Train Epoch 29: 540/569 Loss: 1.232789
2026-06-10 11:58: Train Epoch 29: 560/569 Loss: 1.255820
2026-06-10 11:58: **********Train Epoch 29: averaged Loss: 1.266917, tf_ratio: 1.000000
2026-06-10 11:58: **********Val Epoch 29: average Loss: 1.600641
2026-06-10 11:58: Train Epoch 30: 0/569 Loss: 1.254344
2026-06-10 11:58: Train Epoch 30: 20/569 Loss: 1.292779
2026-06-10 11:58: Train Epoch 30: 40/569 Loss: 1.172472
2026-06-10 11:58: Train Epoch 30: 60/569 Loss: 1.221308
2026-06-10 11:58: Train Epoch 30: 80/569 Loss: 1.275387
2026-06-10 11:58: Train Epoch 30: 100/569 Loss: 1.247073
2026-06-10 11:58: Train Epoch 30: 120/569 Loss: 1.326252
2026-06-10 11:58: Train Epoch 30: 140/569 Loss: 1.295729
2026-06-10 11:59: Train Epoch 30: 160/569 Loss: 1.345163
2026-06-10 11:59: Train Epoch 30: 180/569 Loss: 1.335946
2026-06-10 11:59: Train Epoch 30: 200/569 Loss: 1.318120
2026-06-10 11:59: Train Epoch 30: 220/569 Loss: 1.406932
2026-06-10 11:59: Train Epoch 30: 240/569 Loss: 1.286731
2026-06-10 11:59: Train Epoch 30: 260/569 Loss: 1.211716
2026-06-10 11:59: Train Epoch 30: 280/569 Loss: 1.168318
2026-06-10 11:59: Train Epoch 30: 300/569 Loss: 1.236507
2026-06-10 11:59: Train Epoch 30: 320/569 Loss: 1.325561
2026-06-10 11:59: Train Epoch 30: 340/569 Loss: 1.203223
2026-06-10 11:59: Train Epoch 30: 360/569 Loss: 1.440639
2026-06-10 11:59: Train Epoch 30: 380/569 Loss: 1.303470
2026-06-10 11:59: Train Epoch 30: 400/569 Loss: 1.294560
2026-06-10 11:59: Train Epoch 30: 420/569 Loss: 1.231414
2026-06-10 11:59: Train Epoch 30: 440/569 Loss: 1.173884
2026-06-10 11:59: Train Epoch 30: 460/569 Loss: 1.323987
2026-06-10 11:59: Train Epoch 30: 480/569 Loss: 1.303669
2026-06-10 12:00: Train Epoch 30: 500/569 Loss: 1.354753
2026-06-10 12:00: Train Epoch 30: 520/569 Loss: 1.477267
2026-06-10 12:00: Train Epoch 30: 540/569 Loss: 1.397748
2026-06-10 12:00: Train Epoch 30: 560/569 Loss: 1.417919
2026-06-10 12:00: **********Train Epoch 30: averaged Loss: 1.262025, tf_ratio: 1.000000
2026-06-10 12:00: **********Val Epoch 30: average Loss: 1.606431
2026-06-10 12:00: Train Epoch 31: 0/569 Loss: 1.279616
2026-06-10 12:00: Train Epoch 31: 20/569 Loss: 1.348404
2026-06-10 12:00: Train Epoch 31: 40/569 Loss: 1.194407
2026-06-10 12:00: Train Epoch 31: 60/569 Loss: 1.266458
2026-06-10 12:00: Train Epoch 31: 80/569 Loss: 1.151690
2026-06-10 12:00: Train Epoch 31: 100/569 Loss: 1.138854
2026-06-10 12:00: Train Epoch 31: 120/569 Loss: 1.116308
2026-06-10 12:00: Train Epoch 31: 140/569 Loss: 1.301254
2026-06-10 12:00: Train Epoch 31: 160/569 Loss: 1.202113
2026-06-10 12:00: Train Epoch 31: 180/569 Loss: 1.325971
2026-06-10 12:00: Train Epoch 31: 200/569 Loss: 1.321005
2026-06-10 12:00: Train Epoch 31: 220/569 Loss: 1.239156
2026-06-10 12:00: Train Epoch 31: 240/569 Loss: 1.322397
2026-06-10 12:01: Train Epoch 31: 260/569 Loss: 1.288898
2026-06-10 12:01: Train Epoch 31: 280/569 Loss: 1.307276
2026-06-10 12:01: Train Epoch 31: 300/569 Loss: 1.342180
2026-06-10 12:01: Train Epoch 31: 320/569 Loss: 1.254618
2026-06-10 12:01: Train Epoch 31: 340/569 Loss: 1.288466
2026-06-10 12:01: Train Epoch 31: 360/569 Loss: 1.292081
2026-06-10 12:01: Train Epoch 31: 380/569 Loss: 1.277917
2026-06-10 12:01: Train Epoch 31: 400/569 Loss: 1.310037
2026-06-10 12:01: Train Epoch 31: 420/569 Loss: 1.222919
2026-06-10 12:01: Train Epoch 31: 440/569 Loss: 1.383434
2026-06-10 12:01: Train Epoch 31: 460/569 Loss: 1.269617
2026-06-10 12:01: Train Epoch 31: 480/569 Loss: 1.500773
2026-06-10 12:01: Train Epoch 31: 500/569 Loss: 1.279250
2026-06-10 12:01: Train Epoch 31: 520/569 Loss: 1.201819
2026-06-10 12:01: Train Epoch 31: 540/569 Loss: 1.246620
2026-06-10 12:01: Train Epoch 31: 560/569 Loss: 1.227876
2026-06-10 12:01: **********Train Epoch 31: averaged Loss: 1.257542, tf_ratio: 1.000000
2026-06-10 12:02: **********Val Epoch 31: average Loss: 1.601293
2026-06-10 12:02: Train Epoch 32: 0/569 Loss: 1.226036
2026-06-10 12:02: Train Epoch 32: 20/569 Loss: 1.464297
2026-06-10 12:02: Train Epoch 32: 40/569 Loss: 1.236009
2026-06-10 12:02: Train Epoch 32: 60/569 Loss: 1.347638
2026-06-10 12:02: Train Epoch 32: 80/569 Loss: 1.367399
2026-06-10 12:02: Train Epoch 32: 100/569 Loss: 1.236476
2026-06-10 12:02: Train Epoch 32: 120/569 Loss: 1.190694
2026-06-10 12:02: Train Epoch 32: 140/569 Loss: 1.346310
2026-06-10 12:02: Train Epoch 32: 160/569 Loss: 1.226229
2026-06-10 12:02: Train Epoch 32: 180/569 Loss: 1.334925
2026-06-10 12:02: Train Epoch 32: 200/569 Loss: 1.154338
2026-06-10 12:02: Train Epoch 32: 220/569 Loss: 1.350007
2026-06-10 12:02: Train Epoch 32: 240/569 Loss: 1.333702
2026-06-10 12:02: Train Epoch 32: 260/569 Loss: 1.374678
2026-06-10 12:02: Train Epoch 32: 280/569 Loss: 1.357617
2026-06-10 12:02: Train Epoch 32: 300/569 Loss: 1.322981
2026-06-10 12:02: Train Epoch 32: 320/569 Loss: 1.320961
2026-06-10 12:03: Train Epoch 32: 340/569 Loss: 1.236123
2026-06-10 12:03: Train Epoch 32: 360/569 Loss: 1.123910
2026-06-10 12:03: Train Epoch 32: 380/569 Loss: 1.323851
2026-06-10 12:03: Train Epoch 32: 400/569 Loss: 1.161769
2026-06-10 12:03: Train Epoch 32: 420/569 Loss: 1.235820
2026-06-10 12:03: Train Epoch 32: 440/569 Loss: 1.322061
2026-06-10 12:03: Train Epoch 32: 460/569 Loss: 1.281103
2026-06-10 12:03: Train Epoch 32: 480/569 Loss: 1.286983
2026-06-10 12:03: Train Epoch 32: 500/569 Loss: 1.314916
2026-06-10 12:03: Train Epoch 32: 520/569 Loss: 1.245980
2026-06-10 12:03: Train Epoch 32: 540/569 Loss: 1.235071
2026-06-10 12:03: Train Epoch 32: 560/569 Loss: 1.315645
2026-06-10 12:03: **********Train Epoch 32: averaged Loss: 1.253312, tf_ratio: 1.000000
2026-06-10 12:03: **********Val Epoch 32: average Loss: 1.620239
2026-06-10 12:03: Train Epoch 33: 0/569 Loss: 1.167091
2026-06-10 12:03: Train Epoch 33: 20/569 Loss: 1.203534
2026-06-10 12:03: Train Epoch 33: 40/569 Loss: 1.285432
2026-06-10 12:03: Train Epoch 33: 60/569 Loss: 1.378656
2026-06-10 12:03: Train Epoch 33: 80/569 Loss: 1.427453
2026-06-10 12:04: Train Epoch 33: 100/569 Loss: 1.134842
2026-06-10 12:04: Train Epoch 33: 120/569 Loss: 1.154584
2026-06-10 12:04: Train Epoch 33: 140/569 Loss: 1.154244
2026-06-10 12:04: Train Epoch 33: 160/569 Loss: 1.158929
2026-06-10 12:04: Train Epoch 33: 180/569 Loss: 1.239779
2026-06-10 12:04: Train Epoch 33: 200/569 Loss: 1.154197
2026-06-10 12:04: Train Epoch 33: 220/569 Loss: 1.194041
2026-06-10 12:04: Train Epoch 33: 240/569 Loss: 1.410450
2026-06-10 12:04: Train Epoch 33: 260/569 Loss: 1.467880
2026-06-10 12:04: Train Epoch 33: 280/569 Loss: 1.305060
2026-06-10 12:04: Train Epoch 33: 300/569 Loss: 1.157751
2026-06-10 12:04: Train Epoch 33: 320/569 Loss: 1.216644
2026-06-10 12:04: Train Epoch 33: 340/569 Loss: 1.328622
2026-06-10 12:04: Train Epoch 33: 360/569 Loss: 1.184257
2026-06-10 12:04: Train Epoch 33: 380/569 Loss: 1.294659
2026-06-10 12:04: Train Epoch 33: 400/569 Loss: 1.202987
2026-06-10 12:04: Train Epoch 33: 420/569 Loss: 1.193058
2026-06-10 12:05: Train Epoch 33: 440/569 Loss: 1.233753
2026-06-10 12:05: Train Epoch 33: 460/569 Loss: 1.268378
2026-06-10 12:05: Train Epoch 33: 480/569 Loss: 1.357393
2026-06-10 12:05: Train Epoch 33: 500/569 Loss: 1.124111
2026-06-10 12:05: Train Epoch 33: 520/569 Loss: 1.206257
2026-06-10 12:05: Train Epoch 33: 540/569 Loss: 1.214652
2026-06-10 12:05: Train Epoch 33: 560/569 Loss: 1.314764
2026-06-10 12:05: **********Train Epoch 33: averaged Loss: 1.248621, tf_ratio: 1.000000
2026-06-10 12:05: **********Val Epoch 33: average Loss: 1.622776
2026-06-10 12:05: Train Epoch 34: 0/569 Loss: 1.172224
2026-06-10 12:05: Train Epoch 34: 20/569 Loss: 1.199923
2026-06-10 12:05: Train Epoch 34: 40/569 Loss: 1.196725
2026-06-10 12:05: Train Epoch 34: 60/569 Loss: 1.338403
2026-06-10 12:05: Train Epoch 34: 80/569 Loss: 1.168598
2026-06-10 12:05: Train Epoch 34: 100/569 Loss: 1.231584
2026-06-10 12:05: Train Epoch 34: 120/569 Loss: 1.135429
2026-06-10 12:05: Train Epoch 34: 140/569 Loss: 1.293371
2026-06-10 12:05: Train Epoch 34: 160/569 Loss: 1.257032
2026-06-10 12:05: Train Epoch 34: 180/569 Loss: 1.298545
2026-06-10 12:06: Train Epoch 34: 200/569 Loss: 1.308632
2026-06-10 12:06: Train Epoch 34: 220/569 Loss: 1.216292
2026-06-10 12:06: Train Epoch 34: 240/569 Loss: 1.216497
2026-06-10 12:06: Train Epoch 34: 260/569 Loss: 1.218660
2026-06-10 12:06: Train Epoch 34: 280/569 Loss: 1.321839
2026-06-10 12:06: Train Epoch 34: 300/569 Loss: 1.169997
2026-06-10 12:06: Train Epoch 34: 320/569 Loss: 1.187620
2026-06-10 12:06: Train Epoch 34: 340/569 Loss: 1.232572
2026-06-10 12:06: Train Epoch 34: 360/569 Loss: 1.185140
2026-06-10 12:06: Train Epoch 34: 380/569 Loss: 1.197672
2026-06-10 12:06: Train Epoch 34: 400/569 Loss: 1.381192
2026-06-10 12:06: Train Epoch 34: 420/569 Loss: 1.198234
2026-06-10 12:06: Train Epoch 34: 440/569 Loss: 1.273747
2026-06-10 12:06: Train Epoch 34: 460/569 Loss: 1.252183
2026-06-10 12:06: Train Epoch 34: 480/569 Loss: 1.223387
2026-06-10 12:06: Train Epoch 34: 500/569 Loss: 1.132205
2026-06-10 12:06: Train Epoch 34: 520/569 Loss: 1.248669
2026-06-10 12:07: Train Epoch 34: 540/569 Loss: 1.100152
2026-06-10 12:07: Train Epoch 34: 560/569 Loss: 1.114717
2026-06-10 12:07: **********Train Epoch 34: averaged Loss: 1.243985, tf_ratio: 1.000000
2026-06-10 12:07: **********Val Epoch 34: average Loss: 1.615539
2026-06-10 12:07: Train Epoch 35: 0/569 Loss: 1.258289
2026-06-10 12:07: Train Epoch 35: 20/569 Loss: 1.259388
2026-06-10 12:07: Train Epoch 35: 40/569 Loss: 1.300542
2026-06-10 12:07: Train Epoch 35: 60/569 Loss: 1.187949
2026-06-10 12:07: Train Epoch 35: 80/569 Loss: 1.145243
2026-06-10 12:07: Train Epoch 35: 100/569 Loss: 1.421904
2026-06-10 12:07: Train Epoch 35: 120/569 Loss: 1.275306
2026-06-10 12:07: Train Epoch 35: 140/569 Loss: 1.307996
2026-06-10 12:07: Train Epoch 35: 160/569 Loss: 1.356934
2026-06-10 12:07: Train Epoch 35: 180/569 Loss: 1.289901
2026-06-10 12:07: Train Epoch 35: 200/569 Loss: 1.334193
2026-06-10 12:07: Train Epoch 35: 220/569 Loss: 1.211373
2026-06-10 12:07: Train Epoch 35: 240/569 Loss: 1.258291
2026-06-10 12:07: Train Epoch 35: 260/569 Loss: 1.269385
2026-06-10 12:07: Train Epoch 35: 280/569 Loss: 1.282476
2026-06-10 12:08: Train Epoch 35: 300/569 Loss: 1.128080
2026-06-10 12:08: Train Epoch 35: 320/569 Loss: 1.203211
2026-06-10 12:08: Train Epoch 35: 340/569 Loss: 1.085716
2026-06-10 12:08: Train Epoch 35: 360/569 Loss: 1.141336
2026-06-10 12:08: Train Epoch 35: 380/569 Loss: 1.245915
2026-06-10 12:08: Train Epoch 35: 400/569 Loss: 1.193134
2026-06-10 12:08: Train Epoch 35: 420/569 Loss: 1.291554
2026-06-10 12:08: Train Epoch 35: 440/569 Loss: 1.312297
2026-06-10 12:08: Train Epoch 35: 460/569 Loss: 1.245446
2026-06-10 12:08: Train Epoch 35: 480/569 Loss: 1.187993
2026-06-10 12:08: Train Epoch 35: 500/569 Loss: 1.242311
2026-06-10 12:08: Train Epoch 35: 520/569 Loss: 1.200647
2026-06-10 12:08: Train Epoch 35: 540/569 Loss: 1.306657
2026-06-10 12:08: Train Epoch 35: 560/569 Loss: 1.220599
2026-06-10 12:08: **********Train Epoch 35: averaged Loss: 1.240624, tf_ratio: 1.000000
2026-06-10 12:08: **********Val Epoch 35: average Loss: 1.608107
2026-06-10 12:08: Train Epoch 36: 0/569 Loss: 1.229088
2026-06-10 12:08: Train Epoch 36: 20/569 Loss: 1.250350
2026-06-10 12:09: Train Epoch 36: 40/569 Loss: 1.139013
2026-06-10 12:09: Train Epoch 36: 60/569 Loss: 1.443911
2026-06-10 12:09: Train Epoch 36: 80/569 Loss: 1.301785
2026-06-10 12:09: Train Epoch 36: 100/569 Loss: 1.205343
2026-06-10 12:09: Train Epoch 36: 120/569 Loss: 1.156124
2026-06-10 12:09: Train Epoch 36: 140/569 Loss: 1.162081
2026-06-10 12:09: Train Epoch 36: 160/569 Loss: 1.297074
2026-06-10 12:09: Train Epoch 36: 180/569 Loss: 1.298147
2026-06-10 12:09: Train Epoch 36: 200/569 Loss: 1.173952
2026-06-10 12:09: Train Epoch 36: 220/569 Loss: 1.224896
2026-06-10 12:09: Train Epoch 36: 240/569 Loss: 1.281545
2026-06-10 12:09: Train Epoch 36: 260/569 Loss: 1.124440
2026-06-10 12:09: Train Epoch 36: 280/569 Loss: 1.170966
2026-06-10 12:09: Train Epoch 36: 300/569 Loss: 1.247748
2026-06-10 12:09: Train Epoch 36: 320/569 Loss: 1.285506
2026-06-10 12:09: Train Epoch 36: 340/569 Loss: 1.053936
2026-06-10 12:09: Train Epoch 36: 360/569 Loss: 1.280426
2026-06-10 12:10: Train Epoch 36: 380/569 Loss: 1.301700
2026-06-10 12:10: Train Epoch 36: 400/569 Loss: 1.155304
2026-06-10 12:10: Train Epoch 36: 420/569 Loss: 1.287011
2026-06-10 12:10: Train Epoch 36: 440/569 Loss: 1.232323
2026-06-10 12:10: Train Epoch 36: 460/569 Loss: 1.256046
2026-06-10 12:10: Train Epoch 36: 480/569 Loss: 1.171736
2026-06-10 12:10: Train Epoch 36: 500/569 Loss: 1.271685
2026-06-10 12:10: Train Epoch 36: 520/569 Loss: 1.273817
2026-06-10 12:10: Train Epoch 36: 540/569 Loss: 1.225786
2026-06-10 12:10: Train Epoch 36: 560/569 Loss: 1.091848
2026-06-10 12:10: **********Train Epoch 36: averaged Loss: 1.237407, tf_ratio: 1.000000
2026-06-10 12:10: **********Val Epoch 36: average Loss: 1.608970
2026-06-10 12:10: Validation performance didn't improve for 15 epochs. Training stops.
2026-06-10 12:10: Total training time: 62.1321min, best loss: 1.592924
2026-06-10 12:10: Saving current best model to C:\Documents\thesis\code\Traffic-Benchmark_Fork\methods\AGCRN\model\expe
riments\PEMS-BAY\20260610110830\best_model.pth
2026-06-10 12:10: Horizon 01, MAE: 0.94, RMSE: 1.73, MAPE: 1.9334%
2026-06-10 12:10: Horizon 02, MAE: 1.18, RMSE: 2.36, MAPE: 2.4963%
2026-06-10 12:10: Horizon 03, MAE: 1.36, RMSE: 2.87, MAPE: 2.9650%
2026-06-10 12:10: Horizon 04, MAE: 1.50, RMSE: 3.28, MAPE: 3.3547%
2026-06-10 12:10: Horizon 05, MAE: 1.61, RMSE: 3.60, MAPE: 3.6632%
2026-06-10 12:10: Horizon 06, MAE: 1.69, RMSE: 3.85, MAPE: 3.9043%
2026-06-10 12:10: Horizon 07, MAE: 1.76, RMSE: 4.04, MAPE: 4.0974%
2026-06-10 12:10: Horizon 08, MAE: 1.81, RMSE: 4.18, MAPE: 4.2462%
2026-06-10 12:10: Horizon 09, MAE: 1.85, RMSE: 4.28, MAPE: 4.3666%
2026-06-10 12:10: Horizon 10, MAE: 1.89, RMSE: 4.38, MAPE: 4.4747%
2026-06-10 12:10: Horizon 11, MAE: 1.93, RMSE: 4.47, MAPE: 4.5708%
2026-06-10 12:10: Horizon 12, MAE: 1.97, RMSE: 4.57, MAPE: 4.6717%
2026-06-10 12:10: Average Horizon, MAE: 1.62, RMSE: 3.74, MAPE: 3.7287%
C:\Documents\thesis\code\Traffic-Benchmark_Fork\methods\AGCRN
*****************Model Parameter*****************
node_embeddings torch.Size([325, 10]) True
encoder.dcrnn_cells.0.gate.weights_pool torch.Size([10, 2, 66, 128]) True
encoder.dcrnn_cells.0.gate.bias_pool torch.Size([10, 128]) True
encoder.dcrnn_cells.0.update.weights_pool torch.Size([10, 2, 66, 64]) True
encoder.dcrnn_cells.0.update.bias_pool torch.Size([10, 64]) True
encoder.dcrnn_cells.1.gate.weights_pool torch.Size([10, 2, 128, 128]) True
encoder.dcrnn_cells.1.gate.bias_pool torch.Size([10, 128]) True
encoder.dcrnn_cells.1.update.weights_pool torch.Size([10, 2, 128, 64]) True
encoder.dcrnn_cells.1.update.bias_pool torch.Size([10, 64]) True
end_conv.weight torch.Size([12, 1, 1, 64]) True
end_conv.bias torch.Size([12]) True
Total params num: 752830
*****************Finish Parameter****************
Train:  (36465, 12, 325, 2) (36465, 12, 325, 2)
Val:  (5209, 12, 325, 2) (5209, 12, 325, 2)
Test:  (10419, 12, 325, 2) (10419, 12, 325, 2)
Creat Log File in:  C:\Documents\thesis\code\Traffic-Benchmark_Fork\methods\AGCRN\model\experiments\PEMS-BAY\20260610110830\run.log
=== Run 1 (seed 11) ===
python.exe : 2026-06-10 12:11: Experiment log path in: C:\Documents\thesis\code\Traffic-Benchmark_Fork\methods\AGCRN\mo
del\experiments\PEMS-BAY\20260610121106
At C:\Documents\thesis\code\Traffic-Benchmark_Fork\run_agcrn_pems_bay.ps1:23 char:5
+     & $python methods/AGCRN/model/Run_PEMS-BAY.py --device cuda:0 --s ...
+     ~~~~~~~~~~~~~~~~~~~~~~~~~~~~~~~~~~~~~~~~~~~~~~~~~~~~~~~~~~~~~~~~~
    + CategoryInfo          : NotSpecified: (2026-06-10 12:1...\20260610121106:String) [], RemoteException
    + FullyQualifiedErrorId : NativeCommandError
 
2026-06-10 12:11: Train Epoch 1: 0/569 Loss: 5.457345
2026-06-10 12:11: Train Epoch 1: 20/569 Loss: 4.270940
2026-06-10 12:11: Train Epoch 1: 40/569 Loss: 3.266697
2026-06-10 12:11: Train Epoch 1: 60/569 Loss: 2.366159
2026-06-10 12:11: Train Epoch 1: 80/569 Loss: 2.116008
2026-06-10 12:11: Train Epoch 1: 100/569 Loss: 2.434242
2026-06-10 12:11: Train Epoch 1: 120/569 Loss: 1.877778
2026-06-10 12:11: Train Epoch 1: 140/569 Loss: 1.997797
2026-06-10 12:11: Train Epoch 1: 160/569 Loss: 2.068589
2026-06-10 12:11: Train Epoch 1: 180/569 Loss: 1.984308
2026-06-10 12:11: Train Epoch 1: 200/569 Loss: 2.472214
2026-06-10 12:11: Train Epoch 1: 220/569 Loss: 2.020671
2026-06-10 12:11: Train Epoch 1: 240/569 Loss: 2.118881
2026-06-10 12:11: Train Epoch 1: 260/569 Loss: 1.826672
2026-06-10 12:11: Train Epoch 1: 280/569 Loss: 1.812637
2026-06-10 12:12: Train Epoch 1: 300/569 Loss: 2.137824
2026-06-10 12:12: Train Epoch 1: 320/569 Loss: 1.900482
2026-06-10 12:12: Train Epoch 1: 340/569 Loss: 1.991383
2026-06-10 12:12: Train Epoch 1: 360/569 Loss: 2.055030
2026-06-10 12:12: Train Epoch 1: 380/569 Loss: 2.010694
2026-06-10 12:12: Train Epoch 1: 400/569 Loss: 2.016928
2026-06-10 12:12: Train Epoch 1: 420/569 Loss: 1.832355
2026-06-10 12:12: Train Epoch 1: 440/569 Loss: 1.698878
2026-06-10 12:12: Train Epoch 1: 460/569 Loss: 1.867375
2026-06-10 12:12: Train Epoch 1: 480/569 Loss: 2.089348
2026-06-10 12:12: Train Epoch 1: 500/569 Loss: 1.797183
2026-06-10 12:12: Train Epoch 1: 520/569 Loss: 1.989287
2026-06-10 12:12: Train Epoch 1: 540/569 Loss: 1.550931
2026-06-10 12:12: Train Epoch 1: 560/569 Loss: 1.802562
2026-06-10 12:12: **********Train Epoch 1: averaged Loss: 2.136076, tf_ratio: 1.000000
2026-06-10 12:12: **********Val Epoch 1: average Loss: 1.983965
2026-06-10 12:12: *********************************Current best model saved!
2026-06-10 12:12: Train Epoch 2: 0/569 Loss: 1.613350
2026-06-10 12:12: Train Epoch 2: 20/569 Loss: 1.987450
2026-06-10 12:13: Train Epoch 2: 40/569 Loss: 1.612493
2026-06-10 12:13: Train Epoch 2: 60/569 Loss: 1.654644
2026-06-10 12:13: Train Epoch 2: 80/569 Loss: 1.780768
2026-06-10 12:13: Train Epoch 2: 100/569 Loss: 1.521591
2026-06-10 12:13: Train Epoch 2: 120/569 Loss: 1.761196
2026-06-10 12:13: Train Epoch 2: 140/569 Loss: 1.555386
2026-06-10 12:13: Train Epoch 2: 160/569 Loss: 1.824969
2026-06-10 12:13: Train Epoch 2: 180/569 Loss: 2.060708
2026-06-10 12:13: Train Epoch 2: 200/569 Loss: 1.831567
2026-06-10 12:13: Train Epoch 2: 220/569 Loss: 1.825300
2026-06-10 12:13: Train Epoch 2: 240/569 Loss: 1.830101
2026-06-10 12:13: Train Epoch 2: 260/569 Loss: 1.815758
2026-06-10 12:13: Train Epoch 2: 280/569 Loss: 1.561971
2026-06-10 12:13: Train Epoch 2: 300/569 Loss: 1.669930
2026-06-10 12:13: Train Epoch 2: 320/569 Loss: 1.845906
2026-06-10 12:13: Train Epoch 2: 340/569 Loss: 1.764933
2026-06-10 12:13: Train Epoch 2: 360/569 Loss: 1.743979
2026-06-10 12:13: Train Epoch 2: 380/569 Loss: 1.918846
2026-06-10 12:14: Train Epoch 2: 400/569 Loss: 1.752194
2026-06-10 12:14: Train Epoch 2: 420/569 Loss: 1.806492
2026-06-10 12:14: Train Epoch 2: 440/569 Loss: 1.549723
2026-06-10 12:14: Train Epoch 2: 460/569 Loss: 1.799826
2026-06-10 12:14: Train Epoch 2: 480/569 Loss: 1.762554
2026-06-10 12:14: Train Epoch 2: 500/569 Loss: 1.520962
2026-06-10 12:14: Train Epoch 2: 520/569 Loss: 1.699328
2026-06-10 12:14: Train Epoch 2: 540/569 Loss: 1.675685
2026-06-10 12:14: Train Epoch 2: 560/569 Loss: 1.432879
2026-06-10 12:14: **********Train Epoch 2: averaged Loss: 1.716178, tf_ratio: 1.000000
2026-06-10 12:14: **********Val Epoch 2: average Loss: 1.807974
2026-06-10 12:14: *********************************Current best model saved!
2026-06-10 12:14: Train Epoch 3: 0/569 Loss: 1.634515
2026-06-10 12:14: Train Epoch 3: 20/569 Loss: 1.713234
2026-06-10 12:14: Train Epoch 3: 40/569 Loss: 1.589073
2026-06-10 12:14: Train Epoch 3: 60/569 Loss: 1.581470
2026-06-10 12:14: Train Epoch 3: 80/569 Loss: 1.735432
2026-06-10 12:14: Train Epoch 3: 100/569 Loss: 1.822082
2026-06-10 12:14: Train Epoch 3: 120/569 Loss: 1.648059
2026-06-10 12:15: Train Epoch 3: 140/569 Loss: 1.660307
2026-06-10 12:15: Train Epoch 3: 160/569 Loss: 1.663684
2026-06-10 12:15: Train Epoch 3: 180/569 Loss: 1.519670
2026-06-10 12:15: Train Epoch 3: 200/569 Loss: 1.365644
2026-06-10 12:15: Train Epoch 3: 220/569 Loss: 1.441366
2026-06-10 12:15: Train Epoch 3: 240/569 Loss: 1.634941
2026-06-10 12:15: Train Epoch 3: 260/569 Loss: 1.466498
2026-06-10 12:15: Train Epoch 3: 280/569 Loss: 1.631888
2026-06-10 12:15: Train Epoch 3: 300/569 Loss: 1.767836
2026-06-10 12:15: Train Epoch 3: 320/569 Loss: 1.632310
2026-06-10 12:15: Train Epoch 3: 340/569 Loss: 1.535077
2026-06-10 12:15: Train Epoch 3: 360/569 Loss: 1.535482
2026-06-10 12:15: Train Epoch 3: 380/569 Loss: 1.736369
2026-06-10 12:15: Train Epoch 3: 400/569 Loss: 1.617679
2026-06-10 12:15: Train Epoch 3: 420/569 Loss: 1.598144
2026-06-10 12:15: Train Epoch 3: 440/569 Loss: 1.572221
2026-06-10 12:15: Train Epoch 3: 460/569 Loss: 1.765296
2026-06-10 12:15: Train Epoch 3: 480/569 Loss: 1.588472
2026-06-10 12:16: Train Epoch 3: 500/569 Loss: 1.566317
2026-06-10 12:16: Train Epoch 3: 520/569 Loss: 1.373327
2026-06-10 12:16: Train Epoch 3: 540/569 Loss: 1.655426
2026-06-10 12:16: Train Epoch 3: 560/569 Loss: 1.597407
2026-06-10 12:16: **********Train Epoch 3: averaged Loss: 1.616069, tf_ratio: 1.000000
2026-06-10 12:16: **********Val Epoch 3: average Loss: 1.732504
2026-06-10 12:16: *********************************Current best model saved!
2026-06-10 12:16: Train Epoch 4: 0/569 Loss: 1.421900
2026-06-10 12:16: Train Epoch 4: 20/569 Loss: 1.634391
2026-06-10 12:16: Train Epoch 4: 40/569 Loss: 1.663857
2026-06-10 12:16: Train Epoch 4: 60/569 Loss: 1.667392
2026-06-10 12:16: Train Epoch 4: 80/569 Loss: 1.622672
2026-06-10 12:16: Train Epoch 4: 100/569 Loss: 1.590872
2026-06-10 12:16: Train Epoch 4: 120/569 Loss: 1.544419
2026-06-10 12:16: Train Epoch 4: 140/569 Loss: 1.541577
2026-06-10 12:16: Train Epoch 4: 160/569 Loss: 1.600742
2026-06-10 12:16: Train Epoch 4: 180/569 Loss: 1.633380
2026-06-10 12:16: Train Epoch 4: 200/569 Loss: 1.777589
2026-06-10 12:16: Train Epoch 4: 220/569 Loss: 1.742430
2026-06-10 12:17: Train Epoch 4: 240/569 Loss: 1.729068
2026-06-10 12:17: Train Epoch 4: 260/569 Loss: 1.369630
2026-06-10 12:17: Train Epoch 4: 280/569 Loss: 1.503036
2026-06-10 12:17: Train Epoch 4: 300/569 Loss: 1.567080
2026-06-10 12:17: Train Epoch 4: 320/569 Loss: 1.385666
2026-06-10 12:17: Train Epoch 4: 340/569 Loss: 1.304242
2026-06-10 12:17: Train Epoch 4: 360/569 Loss: 1.485650
2026-06-10 12:17: Train Epoch 4: 380/569 Loss: 1.612147
2026-06-10 12:17: Train Epoch 4: 400/569 Loss: 1.555788
2026-06-10 12:17: Train Epoch 4: 420/569 Loss: 1.667675
2026-06-10 12:17: Train Epoch 4: 440/569 Loss: 1.653140
2026-06-10 12:17: Train Epoch 4: 460/569 Loss: 1.633572
2026-06-10 12:17: Train Epoch 4: 480/569 Loss: 1.691233
2026-06-10 12:17: Train Epoch 4: 500/569 Loss: 1.561180
2026-06-10 12:17: Train Epoch 4: 520/569 Loss: 1.686503
2026-06-10 12:17: Train Epoch 4: 540/569 Loss: 1.602079
2026-06-10 12:17: Train Epoch 4: 560/569 Loss: 1.565962
2026-06-10 12:17: **********Train Epoch 4: averaged Loss: 1.568719, tf_ratio: 1.000000
2026-06-10 12:18: **********Val Epoch 4: average Loss: 1.687184
2026-06-10 12:18: *********************************Current best model saved!
2026-06-10 12:18: Train Epoch 5: 0/569 Loss: 1.325240
2026-06-10 12:18: Train Epoch 5: 20/569 Loss: 1.481807
2026-06-10 12:18: Train Epoch 5: 40/569 Loss: 1.405248
2026-06-10 12:18: Train Epoch 5: 60/569 Loss: 1.391909
2026-06-10 12:18: Train Epoch 5: 80/569 Loss: 1.587492
2026-06-10 12:18: Train Epoch 5: 100/569 Loss: 1.499090
2026-06-10 12:18: Train Epoch 5: 120/569 Loss: 1.670493
2026-06-10 12:18: Train Epoch 5: 140/569 Loss: 1.504967
2026-06-10 12:18: Train Epoch 5: 160/569 Loss: 1.540069
2026-06-10 12:18: Train Epoch 5: 180/569 Loss: 1.393919
2026-06-10 12:18: Train Epoch 5: 200/569 Loss: 1.549535
2026-06-10 12:18: Train Epoch 5: 220/569 Loss: 1.391410
2026-06-10 12:18: Train Epoch 5: 240/569 Loss: 1.694975
2026-06-10 12:18: Train Epoch 5: 260/569 Loss: 1.535231
2026-06-10 12:18: Train Epoch 5: 280/569 Loss: 1.558584
2026-06-10 12:18: Train Epoch 5: 300/569 Loss: 1.627388
2026-06-10 12:18: Train Epoch 5: 320/569 Loss: 1.684080
2026-06-10 12:19: Train Epoch 5: 340/569 Loss: 1.422755
2026-06-10 12:19: Train Epoch 5: 360/569 Loss: 1.303982
2026-06-10 12:19: Train Epoch 5: 380/569 Loss: 1.605191
2026-06-10 12:19: Train Epoch 5: 400/569 Loss: 1.661030
2026-06-10 12:19: Train Epoch 5: 420/569 Loss: 1.620393
2026-06-10 12:19: Train Epoch 5: 440/569 Loss: 1.485179
2026-06-10 12:19: Train Epoch 5: 460/569 Loss: 1.663590
2026-06-10 12:19: Train Epoch 5: 480/569 Loss: 1.466525
2026-06-10 12:19: Train Epoch 5: 500/569 Loss: 1.407518
2026-06-10 12:19: Train Epoch 5: 520/569 Loss: 1.458504
2026-06-10 12:19: Train Epoch 5: 540/569 Loss: 1.563891
2026-06-10 12:19: Train Epoch 5: 560/569 Loss: 1.455139
2026-06-10 12:19: **********Train Epoch 5: averaged Loss: 1.531943, tf_ratio: 1.000000
2026-06-10 12:19: **********Val Epoch 5: average Loss: 1.661085
2026-06-10 12:19: *********************************Current best model saved!
2026-06-10 12:19: Train Epoch 6: 0/569 Loss: 1.418053
2026-06-10 12:19: Train Epoch 6: 20/569 Loss: 1.665649
2026-06-10 12:19: Train Epoch 6: 40/569 Loss: 1.875273
2026-06-10 12:19: Train Epoch 6: 60/569 Loss: 1.511875
2026-06-10 12:20: Train Epoch 6: 80/569 Loss: 1.612775
2026-06-10 12:20: Train Epoch 6: 100/569 Loss: 1.402692
2026-06-10 12:20: Train Epoch 6: 120/569 Loss: 1.588344
2026-06-10 12:20: Train Epoch 6: 140/569 Loss: 1.601531
2026-06-10 12:20: Train Epoch 6: 160/569 Loss: 1.369843
2026-06-10 12:20: Train Epoch 6: 180/569 Loss: 1.480771
2026-06-10 12:20: Train Epoch 6: 200/569 Loss: 1.502326
2026-06-10 12:20: Train Epoch 6: 220/569 Loss: 1.285693
2026-06-10 12:20: Train Epoch 6: 240/569 Loss: 1.333494
2026-06-10 12:20: Train Epoch 6: 260/569 Loss: 1.561844
2026-06-10 12:20: Train Epoch 6: 280/569 Loss: 1.580259
2026-06-10 12:20: Train Epoch 6: 300/569 Loss: 1.433848
2026-06-10 12:20: Train Epoch 6: 320/569 Loss: 1.627751
2026-06-10 12:20: Train Epoch 6: 340/569 Loss: 1.730431
2026-06-10 12:20: Train Epoch 6: 360/569 Loss: 1.562288
2026-06-10 12:20: Train Epoch 6: 380/569 Loss: 1.419968
2026-06-10 12:20: Train Epoch 6: 400/569 Loss: 1.624480
2026-06-10 12:20: Train Epoch 6: 420/569 Loss: 1.439489
2026-06-10 12:21: Train Epoch 6: 440/569 Loss: 1.559332
2026-06-10 12:21: Train Epoch 6: 460/569 Loss: 1.254649
2026-06-10 12:21: Train Epoch 6: 480/569 Loss: 1.627883
2026-06-10 12:21: Train Epoch 6: 500/569 Loss: 1.444626
2026-06-10 12:21: Train Epoch 6: 520/569 Loss: 1.630500
2026-06-10 12:21: Train Epoch 6: 540/569 Loss: 1.451967
2026-06-10 12:21: Train Epoch 6: 560/569 Loss: 1.543620
2026-06-10 12:21: **********Train Epoch 6: averaged Loss: 1.504073, tf_ratio: 1.000000
2026-06-10 12:21: **********Val Epoch 6: average Loss: 1.658602
2026-06-10 12:21: *********************************Current best model saved!
2026-06-10 12:21: Train Epoch 7: 0/569 Loss: 1.438211
2026-06-10 12:21: Train Epoch 7: 20/569 Loss: 1.368157
2026-06-10 12:21: Train Epoch 7: 40/569 Loss: 1.519321
2026-06-10 12:21: Train Epoch 7: 60/569 Loss: 1.315745
2026-06-10 12:21: Train Epoch 7: 80/569 Loss: 1.476604
2026-06-10 12:21: Train Epoch 7: 100/569 Loss: 1.334589
2026-06-10 12:21: Train Epoch 7: 120/569 Loss: 1.464402
2026-06-10 12:21: Train Epoch 7: 140/569 Loss: 1.434824
2026-06-10 12:21: Train Epoch 7: 160/569 Loss: 1.476721
2026-06-10 12:22: Train Epoch 7: 180/569 Loss: 1.518344
2026-06-10 12:22: Train Epoch 7: 200/569 Loss: 1.296135
2026-06-10 12:22: Train Epoch 7: 220/569 Loss: 1.478046
2026-06-10 12:22: Train Epoch 7: 240/569 Loss: 1.523510
2026-06-10 12:22: Train Epoch 7: 260/569 Loss: 1.521078
2026-06-10 12:22: Train Epoch 7: 280/569 Loss: 1.295622
2026-06-10 12:22: Train Epoch 7: 300/569 Loss: 1.591417
2026-06-10 12:22: Train Epoch 7: 320/569 Loss: 1.407350
2026-06-10 12:22: Train Epoch 7: 340/569 Loss: 1.372946
2026-06-10 12:22: Train Epoch 7: 360/569 Loss: 1.373001
2026-06-10 12:22: Train Epoch 7: 380/569 Loss: 1.513514
2026-06-10 12:22: Train Epoch 7: 400/569 Loss: 1.565668
2026-06-10 12:22: Train Epoch 7: 420/569 Loss: 1.669366
2026-06-10 12:22: Train Epoch 7: 440/569 Loss: 1.732245
2026-06-10 12:22: Train Epoch 7: 460/569 Loss: 1.471045
2026-06-10 12:22: Train Epoch 7: 480/569 Loss: 1.455076
2026-06-10 12:22: Train Epoch 7: 500/569 Loss: 1.468318
2026-06-10 12:23: Train Epoch 7: 520/569 Loss: 1.418750
2026-06-10 12:23: Train Epoch 7: 540/569 Loss: 1.407963
2026-06-10 12:23: Train Epoch 7: 560/569 Loss: 1.439264
2026-06-10 12:23: **********Train Epoch 7: averaged Loss: 1.483136, tf_ratio: 1.000000
2026-06-10 12:23: **********Val Epoch 7: average Loss: 1.632158
2026-06-10 12:23: *********************************Current best model saved!
2026-06-10 12:23: Train Epoch 8: 0/569 Loss: 1.434171
2026-06-10 12:23: Train Epoch 8: 20/569 Loss: 1.420767
2026-06-10 12:23: Train Epoch 8: 40/569 Loss: 1.372157
2026-06-10 12:23: Train Epoch 8: 60/569 Loss: 1.517282
2026-06-10 12:23: Train Epoch 8: 80/569 Loss: 1.536784
2026-06-10 12:23: Train Epoch 8: 100/569 Loss: 1.348468
2026-06-10 12:23: Train Epoch 8: 120/569 Loss: 1.381924
2026-06-10 12:23: Train Epoch 8: 140/569 Loss: 1.362796
2026-06-10 12:23: Train Epoch 8: 160/569 Loss: 1.524259
2026-06-10 12:23: Train Epoch 8: 180/569 Loss: 1.339877
2026-06-10 12:23: Train Epoch 8: 200/569 Loss: 1.481295
2026-06-10 12:23: Train Epoch 8: 220/569 Loss: 1.442435
2026-06-10 12:23: Train Epoch 8: 240/569 Loss: 1.447787
2026-06-10 12:23: Train Epoch 8: 260/569 Loss: 1.683911
2026-06-10 12:24: Train Epoch 8: 280/569 Loss: 1.428787
2026-06-10 12:24: Train Epoch 8: 300/569 Loss: 1.596826
2026-06-10 12:24: Train Epoch 8: 320/569 Loss: 1.338612
2026-06-10 12:24: Train Epoch 8: 340/569 Loss: 1.506655
2026-06-10 12:24: Train Epoch 8: 360/569 Loss: 1.667418
2026-06-10 12:24: Train Epoch 8: 380/569 Loss: 1.544891
2026-06-10 12:24: Train Epoch 8: 400/569 Loss: 1.626755
2026-06-10 12:24: Train Epoch 8: 420/569 Loss: 1.375508
2026-06-10 12:24: Train Epoch 8: 440/569 Loss: 1.457297
2026-06-10 12:24: Train Epoch 8: 460/569 Loss: 1.470810
2026-06-10 12:24: Train Epoch 8: 480/569 Loss: 1.494516
2026-06-10 12:24: Train Epoch 8: 500/569 Loss: 1.648727
2026-06-10 12:24: Train Epoch 8: 520/569 Loss: 1.574638
2026-06-10 12:24: Train Epoch 8: 540/569 Loss: 1.303625
2026-06-10 12:24: Train Epoch 8: 560/569 Loss: 1.415891
2026-06-10 12:24: **********Train Epoch 8: averaged Loss: 1.462423, tf_ratio: 1.000000
2026-06-10 12:24: **********Val Epoch 8: average Loss: 1.630037
2026-06-10 12:24: *********************************Current best model saved!
2026-06-10 12:24: Train Epoch 9: 0/569 Loss: 1.427776
2026-06-10 12:25: Train Epoch 9: 20/569 Loss: 1.415593
2026-06-10 12:25: Train Epoch 9: 40/569 Loss: 1.220056
2026-06-10 12:25: Train Epoch 9: 60/569 Loss: 1.440814
2026-06-10 12:25: Train Epoch 9: 80/569 Loss: 1.479625
2026-06-10 12:25: Train Epoch 9: 100/569 Loss: 1.519579
2026-06-10 12:25: Train Epoch 9: 120/569 Loss: 1.394573
2026-06-10 12:25: Train Epoch 9: 140/569 Loss: 1.357358
2026-06-10 12:25: Train Epoch 9: 160/569 Loss: 1.392974
2026-06-10 12:25: Train Epoch 9: 180/569 Loss: 1.474035
2026-06-10 12:25: Train Epoch 9: 200/569 Loss: 1.377765
2026-06-10 12:25: Train Epoch 9: 220/569 Loss: 1.445433
2026-06-10 12:25: Train Epoch 9: 240/569 Loss: 1.373914
2026-06-10 12:25: Train Epoch 9: 260/569 Loss: 1.460039
2026-06-10 12:25: Train Epoch 9: 280/569 Loss: 1.446914
2026-06-10 12:25: Train Epoch 9: 300/569 Loss: 1.426028
2026-06-10 12:25: Train Epoch 9: 320/569 Loss: 1.400102
2026-06-10 12:25: Train Epoch 9: 340/569 Loss: 1.575500
2026-06-10 12:25: Train Epoch 9: 360/569 Loss: 1.508894
2026-06-10 12:26: Train Epoch 9: 380/569 Loss: 1.358163
2026-06-10 12:26: Train Epoch 9: 400/569 Loss: 1.303987
2026-06-10 12:26: Train Epoch 9: 420/569 Loss: 1.522651
2026-06-10 12:26: Train Epoch 9: 440/569 Loss: 1.565940
2026-06-10 12:26: Train Epoch 9: 460/569 Loss: 1.433023
2026-06-10 12:26: Train Epoch 9: 480/569 Loss: 1.627714
2026-06-10 12:26: Train Epoch 9: 500/569 Loss: 1.271525
2026-06-10 12:26: Train Epoch 9: 520/569 Loss: 1.524246
2026-06-10 12:26: Train Epoch 9: 540/569 Loss: 1.478547
2026-06-10 12:26: Train Epoch 9: 560/569 Loss: 1.332602
2026-06-10 12:26: **********Train Epoch 9: averaged Loss: 1.443151, tf_ratio: 1.000000
2026-06-10 12:26: **********Val Epoch 9: average Loss: 1.618908
2026-06-10 12:26: *********************************Current best model saved!
2026-06-10 12:26: Train Epoch 10: 0/569 Loss: 1.646953
2026-06-10 12:26: Train Epoch 10: 20/569 Loss: 1.325715
2026-06-10 12:26: Train Epoch 10: 40/569 Loss: 1.510039
2026-06-10 12:26: Train Epoch 10: 60/569 Loss: 1.396071
2026-06-10 12:26: Train Epoch 10: 80/569 Loss: 1.591824
2026-06-10 12:26: Train Epoch 10: 100/569 Loss: 1.351871
2026-06-10 12:27: Train Epoch 10: 120/569 Loss: 1.414257
2026-06-10 12:27: Train Epoch 10: 140/569 Loss: 1.412965
2026-06-10 12:27: Train Epoch 10: 160/569 Loss: 1.546646
2026-06-10 12:27: Train Epoch 10: 180/569 Loss: 1.383954
2026-06-10 12:27: Train Epoch 10: 200/569 Loss: 1.487584
2026-06-10 12:27: Train Epoch 10: 220/569 Loss: 1.384012
2026-06-10 12:27: Train Epoch 10: 240/569 Loss: 1.478708
2026-06-10 12:27: Train Epoch 10: 260/569 Loss: 1.452850
2026-06-10 12:27: Train Epoch 10: 280/569 Loss: 1.450674
2026-06-10 12:27: Train Epoch 10: 300/569 Loss: 1.558995
2026-06-10 12:27: Train Epoch 10: 320/569 Loss: 1.388799
2026-06-10 12:27: Train Epoch 10: 340/569 Loss: 1.338432
2026-06-10 12:27: Train Epoch 10: 360/569 Loss: 1.469258
2026-06-10 12:27: Train Epoch 10: 380/569 Loss: 1.316674
2026-06-10 12:27: Train Epoch 10: 400/569 Loss: 1.415071
2026-06-10 12:27: Train Epoch 10: 420/569 Loss: 1.302137
2026-06-10 12:27: Train Epoch 10: 440/569 Loss: 1.331748
2026-06-10 12:28: Train Epoch 10: 460/569 Loss: 1.449080
2026-06-10 12:28: Train Epoch 10: 480/569 Loss: 1.490678
2026-06-10 12:28: Train Epoch 10: 500/569 Loss: 1.351135
2026-06-10 12:28: Train Epoch 10: 520/569 Loss: 1.395169
2026-06-10 12:28: Train Epoch 10: 540/569 Loss: 1.623194
2026-06-10 12:28: Train Epoch 10: 560/569 Loss: 1.760706
2026-06-10 12:28: **********Train Epoch 10: averaged Loss: 1.429299, tf_ratio: 1.000000
2026-06-10 12:28: **********Val Epoch 10: average Loss: 1.608801
2026-06-10 12:28: *********************************Current best model saved!
2026-06-10 12:28: Train Epoch 11: 0/569 Loss: 1.544628
2026-06-10 12:28: Train Epoch 11: 20/569 Loss: 1.503672
2026-06-10 12:28: Train Epoch 11: 40/569 Loss: 1.462015
2026-06-10 12:28: Train Epoch 11: 60/569 Loss: 1.444929
2026-06-10 12:28: Train Epoch 11: 80/569 Loss: 1.400462
2026-06-10 12:28: Train Epoch 11: 100/569 Loss: 1.569688
2026-06-10 12:28: Train Epoch 11: 120/569 Loss: 1.545301
2026-06-10 12:28: Train Epoch 11: 140/569 Loss: 1.462752
2026-06-10 12:28: Train Epoch 11: 160/569 Loss: 1.417563
2026-06-10 12:28: Train Epoch 11: 180/569 Loss: 1.573360
2026-06-10 12:28: Train Epoch 11: 200/569 Loss: 1.275847
2026-06-10 12:29: Train Epoch 11: 220/569 Loss: 1.267450
2026-06-10 12:29: Train Epoch 11: 240/569 Loss: 1.547155
2026-06-10 12:29: Train Epoch 11: 260/569 Loss: 1.418504
2026-06-10 12:29: Train Epoch 11: 280/569 Loss: 1.536442
2026-06-10 12:29: Train Epoch 11: 300/569 Loss: 1.415792
2026-06-10 12:29: Train Epoch 11: 320/569 Loss: 1.402454
2026-06-10 12:29: Train Epoch 11: 340/569 Loss: 1.450121
2026-06-10 12:29: Train Epoch 11: 360/569 Loss: 1.293789
2026-06-10 12:29: Train Epoch 11: 380/569 Loss: 1.367654
2026-06-10 12:29: Train Epoch 11: 400/569 Loss: 1.366406
2026-06-10 12:29: Train Epoch 11: 420/569 Loss: 1.510414
2026-06-10 12:29: Train Epoch 11: 440/569 Loss: 1.380996
2026-06-10 12:29: Train Epoch 11: 460/569 Loss: 1.485722
2026-06-10 12:29: Train Epoch 11: 480/569 Loss: 1.438109
2026-06-10 12:29: Train Epoch 11: 500/569 Loss: 1.511641
2026-06-10 12:29: Train Epoch 11: 520/569 Loss: 1.421889
2026-06-10 12:29: Train Epoch 11: 540/569 Loss: 1.354576
2026-06-10 12:30: Train Epoch 11: 560/569 Loss: 1.375420
2026-06-10 12:30: **********Train Epoch 11: averaged Loss: 1.413254, tf_ratio: 1.000000
2026-06-10 12:30: **********Val Epoch 11: average Loss: 1.599241
2026-06-10 12:30: *********************************Current best model saved!
2026-06-10 12:30: Train Epoch 12: 0/569 Loss: 1.464684
2026-06-10 12:30: Train Epoch 12: 20/569 Loss: 1.311403
2026-06-10 12:30: Train Epoch 12: 40/569 Loss: 1.349830
2026-06-10 12:30: Train Epoch 12: 60/569 Loss: 1.308151
2026-06-10 12:30: Train Epoch 12: 80/569 Loss: 1.385805
2026-06-10 12:30: Train Epoch 12: 100/569 Loss: 1.399261
2026-06-10 12:30: Train Epoch 12: 120/569 Loss: 1.531882
2026-06-10 12:30: Train Epoch 12: 140/569 Loss: 1.315955
2026-06-10 12:30: Train Epoch 12: 160/569 Loss: 1.359444
2026-06-10 12:30: Train Epoch 12: 180/569 Loss: 1.278033
2026-06-10 12:30: Train Epoch 12: 200/569 Loss: 1.491854
2026-06-10 12:30: Train Epoch 12: 220/569 Loss: 1.396253
2026-06-10 12:30: Train Epoch 12: 240/569 Loss: 1.371758
2026-06-10 12:30: Train Epoch 12: 260/569 Loss: 1.352211
2026-06-10 12:30: Train Epoch 12: 280/569 Loss: 1.428342
2026-06-10 12:31: Train Epoch 12: 300/569 Loss: 1.387870
2026-06-10 12:31: Train Epoch 12: 320/569 Loss: 1.433305
2026-06-10 12:31: Train Epoch 12: 340/569 Loss: 1.403766
2026-06-10 12:31: Train Epoch 12: 360/569 Loss: 1.458814
2026-06-10 12:31: Train Epoch 12: 380/569 Loss: 1.411231
2026-06-10 12:31: Train Epoch 12: 400/569 Loss: 1.346420
2026-06-10 12:31: Train Epoch 12: 420/569 Loss: 1.348664
2026-06-10 12:31: Train Epoch 12: 440/569 Loss: 1.384416
2026-06-10 12:31: Train Epoch 12: 460/569 Loss: 1.404576
2026-06-10 12:31: Train Epoch 12: 480/569 Loss: 1.487148
2026-06-10 12:31: Train Epoch 12: 500/569 Loss: 1.332763
2026-06-10 12:31: Train Epoch 12: 520/569 Loss: 1.315137
2026-06-10 12:31: Train Epoch 12: 540/569 Loss: 1.425278
2026-06-10 12:31: Train Epoch 12: 560/569 Loss: 1.412904
2026-06-10 12:31: **********Train Epoch 12: averaged Loss: 1.400881, tf_ratio: 1.000000
2026-06-10 12:31: **********Val Epoch 12: average Loss: 1.616640
2026-06-10 12:31: Train Epoch 13: 0/569 Loss: 1.319167
2026-06-10 12:31: Train Epoch 13: 20/569 Loss: 1.277261
2026-06-10 12:31: Train Epoch 13: 40/569 Loss: 1.247771
2026-06-10 12:32: Train Epoch 13: 60/569 Loss: 1.371349
2026-06-10 12:32: Train Epoch 13: 80/569 Loss: 1.545467
2026-06-10 12:32: Train Epoch 13: 100/569 Loss: 1.335985
2026-06-10 12:32: Train Epoch 13: 120/569 Loss: 1.381291
2026-06-10 12:32: Train Epoch 13: 140/569 Loss: 1.473027
2026-06-10 12:32: Train Epoch 13: 160/569 Loss: 1.296125
2026-06-10 12:32: Train Epoch 13: 180/569 Loss: 1.404766
2026-06-10 12:32: Train Epoch 13: 200/569 Loss: 1.405618
2026-06-10 12:32: Train Epoch 13: 220/569 Loss: 1.598138
2026-06-10 12:32: Train Epoch 13: 240/569 Loss: 1.377512
2026-06-10 12:32: Train Epoch 13: 260/569 Loss: 1.316571
2026-06-10 12:32: Train Epoch 13: 280/569 Loss: 1.521946
2026-06-10 12:32: Train Epoch 13: 300/569 Loss: 1.452894
2026-06-10 12:32: Train Epoch 13: 320/569 Loss: 1.490407
2026-06-10 12:32: Train Epoch 13: 340/569 Loss: 1.351438
2026-06-10 12:32: Train Epoch 13: 360/569 Loss: 1.399130
2026-06-10 12:32: Train Epoch 13: 380/569 Loss: 1.391848
2026-06-10 12:33: Train Epoch 13: 400/569 Loss: 1.417110
2026-06-10 12:33: Train Epoch 13: 420/569 Loss: 1.297952
2026-06-10 12:33: Train Epoch 13: 440/569 Loss: 1.322516
2026-06-10 12:33: Train Epoch 13: 460/569 Loss: 1.522768
2026-06-10 12:33: Train Epoch 13: 480/569 Loss: 1.433927
2026-06-10 12:33: Train Epoch 13: 500/569 Loss: 1.477981
2026-06-10 12:33: Train Epoch 13: 520/569 Loss: 1.340273
2026-06-10 12:33: Train Epoch 13: 540/569 Loss: 1.445020
2026-06-10 12:33: Train Epoch 13: 560/569 Loss: 1.395357
2026-06-10 12:33: **********Train Epoch 13: averaged Loss: 1.386763, tf_ratio: 1.000000
2026-06-10 12:33: **********Val Epoch 13: average Loss: 1.609918
2026-06-10 12:33: Train Epoch 14: 0/569 Loss: 1.324937
2026-06-10 12:33: Train Epoch 14: 20/569 Loss: 1.476006
2026-06-10 12:33: Train Epoch 14: 40/569 Loss: 1.309666
2026-06-10 12:33: Train Epoch 14: 60/569 Loss: 1.308074
2026-06-10 12:33: Train Epoch 14: 80/569 Loss: 1.449482
2026-06-10 12:33: Train Epoch 14: 100/569 Loss: 1.513054
2026-06-10 12:33: Train Epoch 14: 120/569 Loss: 1.348699
2026-06-10 12:33: Train Epoch 14: 140/569 Loss: 1.414440
2026-06-10 12:34: Train Epoch 14: 160/569 Loss: 1.248891
2026-06-10 12:34: Train Epoch 14: 180/569 Loss: 1.244687
2026-06-10 12:34: Train Epoch 14: 200/569 Loss: 1.588942
2026-06-10 12:34: Train Epoch 14: 220/569 Loss: 1.567664
2026-06-10 12:34: Train Epoch 14: 240/569 Loss: 1.373627
2026-06-10 12:34: Train Epoch 14: 260/569 Loss: 1.236861
2026-06-10 12:34: Train Epoch 14: 280/569 Loss: 1.409432
2026-06-10 12:34: Train Epoch 14: 300/569 Loss: 1.378518
2026-06-10 12:34: Train Epoch 14: 320/569 Loss: 1.211111
2026-06-10 12:34: Train Epoch 14: 340/569 Loss: 1.422538
2026-06-10 12:34: Train Epoch 14: 360/569 Loss: 1.451410
2026-06-10 12:34: Train Epoch 14: 380/569 Loss: 1.425664
2026-06-10 12:34: Train Epoch 14: 400/569 Loss: 1.375446
2026-06-10 12:34: Train Epoch 14: 420/569 Loss: 1.369110
2026-06-10 12:34: Train Epoch 14: 440/569 Loss: 1.380605
2026-06-10 12:34: Train Epoch 14: 460/569 Loss: 1.277791
2026-06-10 12:34: Train Epoch 14: 480/569 Loss: 1.337629
2026-06-10 12:35: Train Epoch 14: 500/569 Loss: 1.372691
2026-06-10 12:35: Train Epoch 14: 520/569 Loss: 1.493925
2026-06-10 12:35: Train Epoch 14: 540/569 Loss: 1.294987
2026-06-10 12:35: Train Epoch 14: 560/569 Loss: 1.336530
2026-06-10 12:35: **********Train Epoch 14: averaged Loss: 1.375250, tf_ratio: 1.000000
2026-06-10 12:35: **********Val Epoch 14: average Loss: 1.602611
2026-06-10 12:35: Train Epoch 15: 0/569 Loss: 1.357498
2026-06-10 12:35: Train Epoch 15: 20/569 Loss: 1.209591
2026-06-10 12:35: Train Epoch 15: 40/569 Loss: 1.494238
2026-06-10 12:35: Train Epoch 15: 60/569 Loss: 1.376240
2026-06-10 12:35: Train Epoch 15: 80/569 Loss: 1.353440
2026-06-10 12:35: Train Epoch 15: 100/569 Loss: 1.198593
2026-06-10 12:35: Train Epoch 15: 120/569 Loss: 1.244438
2026-06-10 12:35: Train Epoch 15: 140/569 Loss: 1.331257
2026-06-10 12:35: Train Epoch 15: 160/569 Loss: 1.303378
2026-06-10 12:35: Train Epoch 15: 180/569 Loss: 1.531773
2026-06-10 12:35: Train Epoch 15: 200/569 Loss: 1.282801
2026-06-10 12:35: Train Epoch 15: 220/569 Loss: 1.546639
2026-06-10 12:36: Train Epoch 15: 240/569 Loss: 1.304562
2026-06-10 12:36: Train Epoch 15: 260/569 Loss: 1.549908
2026-06-10 12:36: Train Epoch 15: 280/569 Loss: 1.518790
2026-06-10 12:36: Train Epoch 15: 300/569 Loss: 1.537089
2026-06-10 12:36: Train Epoch 15: 320/569 Loss: 1.219779
2026-06-10 12:36: Train Epoch 15: 340/569 Loss: 1.425363
2026-06-10 12:36: Train Epoch 15: 360/569 Loss: 1.302076
2026-06-10 12:36: Train Epoch 15: 380/569 Loss: 1.328074
2026-06-10 12:36: Train Epoch 15: 400/569 Loss: 1.227589
2026-06-10 12:36: Train Epoch 15: 420/569 Loss: 1.350115
2026-06-10 12:36: Train Epoch 15: 440/569 Loss: 1.211818
2026-06-10 12:36: Train Epoch 15: 460/569 Loss: 1.297849
2026-06-10 12:36: Train Epoch 15: 480/569 Loss: 1.390566
2026-06-10 12:36: Train Epoch 15: 500/569 Loss: 1.461468
2026-06-10 12:36: Train Epoch 15: 520/569 Loss: 1.283778
2026-06-10 12:36: Train Epoch 15: 540/569 Loss: 1.265641
2026-06-10 12:36: Train Epoch 15: 560/569 Loss: 1.479484
2026-06-10 12:36: **********Train Epoch 15: averaged Loss: 1.363918, tf_ratio: 1.000000
2026-06-10 12:37: **********Val Epoch 15: average Loss: 1.594186
2026-06-10 12:37: *********************************Current best model saved!
2026-06-10 12:37: Train Epoch 16: 0/569 Loss: 1.562135
2026-06-10 12:37: Train Epoch 16: 20/569 Loss: 1.234602
2026-06-10 12:37: Train Epoch 16: 40/569 Loss: 1.330075
2026-06-10 12:37: Train Epoch 16: 60/569 Loss: 1.307271
2026-06-10 12:37: Train Epoch 16: 80/569 Loss: 1.208078
2026-06-10 12:37: Train Epoch 16: 100/569 Loss: 1.298231
2026-06-10 12:37: Train Epoch 16: 120/569 Loss: 1.355179
2026-06-10 12:37: Train Epoch 16: 140/569 Loss: 1.310023
2026-06-10 12:37: Train Epoch 16: 160/569 Loss: 1.291287
2026-06-10 12:37: Train Epoch 16: 180/569 Loss: 1.296951
2026-06-10 12:37: Train Epoch 16: 200/569 Loss: 1.408329
2026-06-10 12:37: Train Epoch 16: 220/569 Loss: 1.472464
2026-06-10 12:37: Train Epoch 16: 240/569 Loss: 1.422417
2026-06-10 12:37: Train Epoch 16: 260/569 Loss: 1.491269
2026-06-10 12:37: Train Epoch 16: 280/569 Loss: 1.372623
2026-06-10 12:37: Train Epoch 16: 300/569 Loss: 1.212543
2026-06-10 12:37: Train Epoch 16: 320/569 Loss: 1.378851
2026-06-10 12:38: Train Epoch 16: 340/569 Loss: 1.271338
2026-06-10 12:38: Train Epoch 16: 360/569 Loss: 1.293096
2026-06-10 12:38: Train Epoch 16: 380/569 Loss: 1.422941
2026-06-10 12:38: Train Epoch 16: 400/569 Loss: 1.406116
2026-06-10 12:38: Train Epoch 16: 420/569 Loss: 1.327259
2026-06-10 12:38: Train Epoch 16: 440/569 Loss: 1.406789
2026-06-10 12:38: Train Epoch 16: 460/569 Loss: 1.208107
2026-06-10 12:38: Train Epoch 16: 480/569 Loss: 1.222718
2026-06-10 12:38: Train Epoch 16: 500/569 Loss: 1.541034
2026-06-10 12:38: Train Epoch 16: 520/569 Loss: 1.253451
2026-06-10 12:38: Train Epoch 16: 540/569 Loss: 1.422730
2026-06-10 12:38: Train Epoch 16: 560/569 Loss: 1.485319
2026-06-10 12:38: **********Train Epoch 16: averaged Loss: 1.353600, tf_ratio: 1.000000
2026-06-10 12:38: **********Val Epoch 16: average Loss: 1.598575
2026-06-10 12:38: Train Epoch 17: 0/569 Loss: 1.372645
2026-06-10 12:38: Train Epoch 17: 20/569 Loss: 1.413661
2026-06-10 12:38: Train Epoch 17: 40/569 Loss: 1.449580
2026-06-10 12:38: Train Epoch 17: 60/569 Loss: 1.244186
2026-06-10 12:38: Train Epoch 17: 80/569 Loss: 1.395774
2026-06-10 12:39: Train Epoch 17: 100/569 Loss: 1.235569
2026-06-10 12:39: Train Epoch 17: 120/569 Loss: 1.220557
2026-06-10 12:39: Train Epoch 17: 140/569 Loss: 1.306416
2026-06-10 12:39: Train Epoch 17: 160/569 Loss: 1.233038
2026-06-10 12:39: Train Epoch 17: 180/569 Loss: 1.278195
2026-06-10 12:39: Train Epoch 17: 200/569 Loss: 1.323234
2026-06-10 12:39: Train Epoch 17: 220/569 Loss: 1.406035
2026-06-10 12:39: Train Epoch 17: 240/569 Loss: 1.311007
2026-06-10 12:39: Train Epoch 17: 260/569 Loss: 1.255051
2026-06-10 12:39: Train Epoch 17: 280/569 Loss: 1.421044
2026-06-10 12:39: Train Epoch 17: 300/569 Loss: 1.436727
2026-06-10 12:39: Train Epoch 17: 320/569 Loss: 1.354303
2026-06-10 12:39: Train Epoch 17: 340/569 Loss: 1.288813
2026-06-10 12:39: Train Epoch 17: 360/569 Loss: 1.158880
2026-06-10 12:39: Train Epoch 17: 380/569 Loss: 1.413579
2026-06-10 12:39: Train Epoch 17: 400/569 Loss: 1.262361
2026-06-10 12:39: Train Epoch 17: 420/569 Loss: 1.322919
2026-06-10 12:40: Train Epoch 17: 440/569 Loss: 1.391958
2026-06-10 12:40: Train Epoch 17: 460/569 Loss: 1.280819
2026-06-10 12:40: Train Epoch 17: 480/569 Loss: 1.188600
2026-06-10 12:40: Train Epoch 17: 500/569 Loss: 1.321186
2026-06-10 12:40: Train Epoch 17: 520/569 Loss: 1.293531
2026-06-10 12:40: Train Epoch 17: 540/569 Loss: 1.303580
2026-06-10 12:40: Train Epoch 17: 560/569 Loss: 1.486799
2026-06-10 12:40: **********Train Epoch 17: averaged Loss: 1.345036, tf_ratio: 1.000000
2026-06-10 12:40: **********Val Epoch 17: average Loss: 1.597694
2026-06-10 12:40: Train Epoch 18: 0/569 Loss: 1.363571
2026-06-10 12:40: Train Epoch 18: 20/569 Loss: 1.366715
2026-06-10 12:40: Train Epoch 18: 40/569 Loss: 1.257152
2026-06-10 12:40: Train Epoch 18: 60/569 Loss: 1.432704
2026-06-10 12:40: Train Epoch 18: 80/569 Loss: 1.307619
2026-06-10 12:40: Train Epoch 18: 100/569 Loss: 1.241104
2026-06-10 12:40: Train Epoch 18: 120/569 Loss: 1.196267
2026-06-10 12:40: Train Epoch 18: 140/569 Loss: 1.279240
2026-06-10 12:40: Train Epoch 18: 160/569 Loss: 1.297568
2026-06-10 12:41: Train Epoch 18: 180/569 Loss: 1.456868
2026-06-10 12:41: Train Epoch 18: 200/569 Loss: 1.400419
2026-06-10 12:41: Train Epoch 18: 220/569 Loss: 1.354413
2026-06-10 12:41: Train Epoch 18: 240/569 Loss: 1.310850
2026-06-10 12:41: Train Epoch 18: 260/569 Loss: 1.333237
2026-06-10 12:41: Train Epoch 18: 280/569 Loss: 1.379567
2026-06-10 12:41: Train Epoch 18: 300/569 Loss: 1.460863
2026-06-10 12:41: Train Epoch 18: 320/569 Loss: 1.376917
2026-06-10 12:41: Train Epoch 18: 340/569 Loss: 1.390479
2026-06-10 12:41: Train Epoch 18: 360/569 Loss: 1.450391
2026-06-10 12:41: Train Epoch 18: 380/569 Loss: 1.484658
2026-06-10 12:41: Train Epoch 18: 400/569 Loss: 1.168471
2026-06-10 12:41: Train Epoch 18: 420/569 Loss: 1.396170
2026-06-10 12:41: Train Epoch 18: 440/569 Loss: 1.349826
2026-06-10 12:41: Train Epoch 18: 460/569 Loss: 1.250787
2026-06-10 12:41: Train Epoch 18: 480/569 Loss: 1.405008
2026-06-10 12:41: Train Epoch 18: 500/569 Loss: 1.436612
2026-06-10 12:41: Train Epoch 18: 520/569 Loss: 1.355267
2026-06-10 12:42: Train Epoch 18: 540/569 Loss: 1.418228
2026-06-10 12:42: Train Epoch 18: 560/569 Loss: 1.315553
2026-06-10 12:42: **********Train Epoch 18: averaged Loss: 1.335039, tf_ratio: 1.000000
2026-06-10 12:42: **********Val Epoch 18: average Loss: 1.599932
2026-06-10 12:42: Train Epoch 19: 0/569 Loss: 1.333780
2026-06-10 12:42: Train Epoch 19: 20/569 Loss: 1.257774
2026-06-10 12:42: Train Epoch 19: 40/569 Loss: 1.277601
2026-06-10 12:42: Train Epoch 19: 60/569 Loss: 1.265489
2026-06-10 12:42: Train Epoch 19: 80/569 Loss: 1.501871
2026-06-10 12:42: Train Epoch 19: 100/569 Loss: 1.358492
2026-06-10 12:42: Train Epoch 19: 120/569 Loss: 1.370737
2026-06-10 12:42: Train Epoch 19: 140/569 Loss: 1.213530
2026-06-10 12:42: Train Epoch 19: 160/569 Loss: 1.292384
2026-06-10 12:42: Train Epoch 19: 180/569 Loss: 1.278715
2026-06-10 12:42: Train Epoch 19: 200/569 Loss: 1.428466
2026-06-10 12:42: Train Epoch 19: 220/569 Loss: 1.436603
2026-06-10 12:42: Train Epoch 19: 240/569 Loss: 1.344697
2026-06-10 12:42: Train Epoch 19: 260/569 Loss: 1.249785
2026-06-10 12:43: Train Epoch 19: 280/569 Loss: 1.382143
2026-06-10 12:43: Train Epoch 19: 300/569 Loss: 1.296332
2026-06-10 12:43: Train Epoch 19: 320/569 Loss: 1.451838
2026-06-10 12:43: Train Epoch 19: 340/569 Loss: 1.329986
2026-06-10 12:43: Train Epoch 19: 360/569 Loss: 1.203491
2026-06-10 12:43: Train Epoch 19: 380/569 Loss: 1.325478
2026-06-10 12:43: Train Epoch 19: 400/569 Loss: 1.405924
2026-06-10 12:43: Train Epoch 19: 420/569 Loss: 1.378393
2026-06-10 12:43: Train Epoch 19: 440/569 Loss: 1.307667
2026-06-10 12:43: Train Epoch 19: 460/569 Loss: 1.273349
2026-06-10 12:43: Train Epoch 19: 480/569 Loss: 1.161727
2026-06-10 12:43: Train Epoch 19: 500/569 Loss: 1.396938
2026-06-10 12:43: Train Epoch 19: 520/569 Loss: 1.257674
2026-06-10 12:43: Train Epoch 19: 540/569 Loss: 1.379792
2026-06-10 12:43: Train Epoch 19: 560/569 Loss: 1.333251
2026-06-10 12:43: **********Train Epoch 19: averaged Loss: 1.326747, tf_ratio: 1.000000
2026-06-10 12:43: **********Val Epoch 19: average Loss: 1.596665
2026-06-10 12:43: Train Epoch 20: 0/569 Loss: 1.163396
2026-06-10 12:44: Train Epoch 20: 20/569 Loss: 1.199722
2026-06-10 12:44: Train Epoch 20: 40/569 Loss: 1.401362
2026-06-10 12:44: Train Epoch 20: 60/569 Loss: 1.343164
2026-06-10 12:44: Train Epoch 20: 80/569 Loss: 1.324929
2026-06-10 12:44: Train Epoch 20: 100/569 Loss: 1.370474
2026-06-10 12:44: Train Epoch 20: 120/569 Loss: 1.284618
2026-06-10 12:44: Train Epoch 20: 140/569 Loss: 1.281682
2026-06-10 12:44: Train Epoch 20: 160/569 Loss: 1.403647
2026-06-10 12:44: Train Epoch 20: 180/569 Loss: 1.325514
2026-06-10 12:44: Train Epoch 20: 200/569 Loss: 1.279874
2026-06-10 12:44: Train Epoch 20: 220/569 Loss: 1.364166
2026-06-10 12:44: Train Epoch 20: 240/569 Loss: 1.384088
2026-06-10 12:44: Train Epoch 20: 260/569 Loss: 1.247770
2026-06-10 12:44: Train Epoch 20: 280/569 Loss: 1.303854
2026-06-10 12:44: Train Epoch 20: 300/569 Loss: 1.305958
2026-06-10 12:44: Train Epoch 20: 320/569 Loss: 1.305626
2026-06-10 12:44: Train Epoch 20: 340/569 Loss: 1.296087
2026-06-10 12:44: Train Epoch 20: 360/569 Loss: 1.356246
2026-06-10 12:45: Train Epoch 20: 380/569 Loss: 1.438739
2026-06-10 12:45: Train Epoch 20: 400/569 Loss: 1.349256
2026-06-10 12:45: Train Epoch 20: 420/569 Loss: 1.277572
2026-06-10 12:45: Train Epoch 20: 440/569 Loss: 1.407298
2026-06-10 12:45: Train Epoch 20: 460/569 Loss: 1.387024
2026-06-10 12:45: Train Epoch 20: 480/569 Loss: 1.324937
2026-06-10 12:45: Train Epoch 20: 500/569 Loss: 1.356803
2026-06-10 12:45: Train Epoch 20: 520/569 Loss: 1.341531
2026-06-10 12:45: Train Epoch 20: 540/569 Loss: 1.369896
2026-06-10 12:45: Train Epoch 20: 560/569 Loss: 1.141682
2026-06-10 12:45: **********Train Epoch 20: averaged Loss: 1.318976, tf_ratio: 1.000000
2026-06-10 12:45: **********Val Epoch 20: average Loss: 1.591437
2026-06-10 12:45: *********************************Current best model saved!
2026-06-10 12:45: Train Epoch 21: 0/569 Loss: 1.173398
2026-06-10 12:45: Train Epoch 21: 20/569 Loss: 1.376193
2026-06-10 12:45: Train Epoch 21: 40/569 Loss: 1.410485
2026-06-10 12:45: Train Epoch 21: 60/569 Loss: 1.339528
2026-06-10 12:45: Train Epoch 21: 80/569 Loss: 1.387346
2026-06-10 12:45: Train Epoch 21: 100/569 Loss: 1.249601
2026-06-10 12:46: Train Epoch 21: 120/569 Loss: 1.192968
2026-06-10 12:46: Train Epoch 21: 140/569 Loss: 1.431631
2026-06-10 12:46: Train Epoch 21: 160/569 Loss: 1.224327
2026-06-10 12:46: Train Epoch 21: 180/569 Loss: 1.206652
2026-06-10 12:46: Train Epoch 21: 200/569 Loss: 1.325633
2026-06-10 12:46: Train Epoch 21: 220/569 Loss: 1.346329
2026-06-10 12:46: Train Epoch 21: 240/569 Loss: 1.270197
2026-06-10 12:46: Train Epoch 21: 260/569 Loss: 1.353622
2026-06-10 12:46: Train Epoch 21: 280/569 Loss: 1.356816
2026-06-10 12:46: Train Epoch 21: 300/569 Loss: 1.267629
2026-06-10 12:46: Train Epoch 21: 320/569 Loss: 1.358920
2026-06-10 12:46: Train Epoch 21: 340/569 Loss: 1.400095
2026-06-10 12:46: Train Epoch 21: 360/569 Loss: 1.262174
2026-06-10 12:46: Train Epoch 21: 380/569 Loss: 1.292463
2026-06-10 12:46: Train Epoch 21: 400/569 Loss: 1.275019
2026-06-10 12:46: Train Epoch 21: 420/569 Loss: 1.557024
2026-06-10 12:46: Train Epoch 21: 440/569 Loss: 1.347407
2026-06-10 12:46: Train Epoch 21: 460/569 Loss: 1.178303
2026-06-10 12:47: Train Epoch 21: 480/569 Loss: 1.217706
2026-06-10 12:47: Train Epoch 21: 500/569 Loss: 1.335702
2026-06-10 12:47: Train Epoch 21: 520/569 Loss: 1.204672
2026-06-10 12:47: Train Epoch 21: 540/569 Loss: 1.222375
2026-06-10 12:47: Train Epoch 21: 560/569 Loss: 1.272407
2026-06-10 12:47: **********Train Epoch 21: averaged Loss: 1.310853, tf_ratio: 1.000000
2026-06-10 12:47: **********Val Epoch 21: average Loss: 1.594369
2026-06-10 12:47: Train Epoch 22: 0/569 Loss: 1.358283
2026-06-10 12:47: Train Epoch 22: 20/569 Loss: 1.424952
2026-06-10 12:47: Train Epoch 22: 40/569 Loss: 1.288271
2026-06-10 12:47: Train Epoch 22: 60/569 Loss: 1.277844
2026-06-10 12:47: Train Epoch 22: 80/569 Loss: 1.251387
2026-06-10 12:47: Train Epoch 22: 100/569 Loss: 1.334022
2026-06-10 12:47: Train Epoch 22: 120/569 Loss: 1.208294
2026-06-10 12:47: Train Epoch 22: 140/569 Loss: 1.349780
2026-06-10 12:47: Train Epoch 22: 160/569 Loss: 1.256064
2026-06-10 12:47: Train Epoch 22: 180/569 Loss: 1.221958
2026-06-10 12:47: Train Epoch 22: 200/569 Loss: 1.408683
2026-06-10 12:48: Train Epoch 22: 220/569 Loss: 1.275868
2026-06-10 12:48: Train Epoch 22: 240/569 Loss: 1.207925
2026-06-10 12:48: Train Epoch 22: 260/569 Loss: 1.283039
2026-06-10 12:48: Train Epoch 22: 280/569 Loss: 1.378441
2026-06-10 12:48: Train Epoch 22: 300/569 Loss: 1.384577
2026-06-10 12:48: Train Epoch 22: 320/569 Loss: 1.254803
2026-06-10 12:48: Train Epoch 22: 340/569 Loss: 1.376936
2026-06-10 12:48: Train Epoch 22: 360/569 Loss: 1.308615
2026-06-10 12:48: Train Epoch 22: 380/569 Loss: 1.331369
2026-06-10 12:48: Train Epoch 22: 400/569 Loss: 1.327412
2026-06-10 12:48: Train Epoch 22: 420/569 Loss: 1.316515
2026-06-10 12:48: Train Epoch 22: 440/569 Loss: 1.361072
2026-06-10 12:48: Train Epoch 22: 460/569 Loss: 1.260339
2026-06-10 12:48: Train Epoch 22: 480/569 Loss: 1.187138
2026-06-10 12:48: Train Epoch 22: 500/569 Loss: 1.235563
2026-06-10 12:48: Train Epoch 22: 520/569 Loss: 1.185591
2026-06-10 12:48: Train Epoch 22: 540/569 Loss: 1.231491
2026-06-10 12:49: Train Epoch 22: 560/569 Loss: 1.219527
2026-06-10 12:49: **********Train Epoch 22: averaged Loss: 1.303564, tf_ratio: 1.000000
2026-06-10 12:49: **********Val Epoch 22: average Loss: 1.600637
2026-06-10 12:49: Train Epoch 23: 0/569 Loss: 1.179653
2026-06-10 12:49: Train Epoch 23: 20/569 Loss: 1.365681
2026-06-10 12:49: Train Epoch 23: 40/569 Loss: 1.287078
2026-06-10 12:49: Train Epoch 23: 60/569 Loss: 1.307865
2026-06-10 12:49: Train Epoch 23: 80/569 Loss: 1.171439
2026-06-10 12:49: Train Epoch 23: 100/569 Loss: 1.225497
2026-06-10 12:49: Train Epoch 23: 120/569 Loss: 1.176465
2026-06-10 12:49: Train Epoch 23: 140/569 Loss: 1.368787
2026-06-10 12:49: Train Epoch 23: 160/569 Loss: 1.275766
2026-06-10 12:49: Train Epoch 23: 180/569 Loss: 1.336092
2026-06-10 12:49: Train Epoch 23: 200/569 Loss: 1.349619
2026-06-10 12:49: Train Epoch 23: 220/569 Loss: 1.316670
2026-06-10 12:49: Train Epoch 23: 240/569 Loss: 1.246378
2026-06-10 12:49: Train Epoch 23: 260/569 Loss: 1.229050
2026-06-10 12:49: Train Epoch 23: 280/569 Loss: 1.350076
2026-06-10 12:49: Train Epoch 23: 300/569 Loss: 1.273537
2026-06-10 12:50: Train Epoch 23: 320/569 Loss: 1.249472
2026-06-10 12:50: Train Epoch 23: 340/569 Loss: 1.374123
2026-06-10 12:50: Train Epoch 23: 360/569 Loss: 1.204951
2026-06-10 12:50: Train Epoch 23: 380/569 Loss: 1.255008
2026-06-10 12:50: Train Epoch 23: 400/569 Loss: 1.561244
2026-06-10 12:50: Train Epoch 23: 420/569 Loss: 1.127808
2026-06-10 12:50: Train Epoch 23: 440/569 Loss: 1.305179
2026-06-10 12:50: Train Epoch 23: 460/569 Loss: 1.094421
2026-06-10 12:50: Train Epoch 23: 480/569 Loss: 1.343900
2026-06-10 12:50: Train Epoch 23: 500/569 Loss: 1.269987
2026-06-10 12:50: Train Epoch 23: 520/569 Loss: 1.257284
2026-06-10 12:50: Train Epoch 23: 540/569 Loss: 1.288399
2026-06-10 12:50: Train Epoch 23: 560/569 Loss: 1.316913
2026-06-10 12:50: **********Train Epoch 23: averaged Loss: 1.296325, tf_ratio: 1.000000
2026-06-10 12:50: **********Val Epoch 23: average Loss: 1.593870
2026-06-10 12:50: Train Epoch 24: 0/569 Loss: 1.155608
2026-06-10 12:50: Train Epoch 24: 20/569 Loss: 1.290381
2026-06-10 12:50: Train Epoch 24: 40/569 Loss: 1.245304
2026-06-10 12:51: Train Epoch 24: 60/569 Loss: 1.387603
2026-06-10 12:51: Train Epoch 24: 80/569 Loss: 1.290424
2026-06-10 12:51: Train Epoch 24: 100/569 Loss: 1.314601
2026-06-10 12:51: Train Epoch 24: 120/569 Loss: 1.286264
2026-06-10 12:51: Train Epoch 24: 140/569 Loss: 1.204069
2026-06-10 12:51: Train Epoch 24: 160/569 Loss: 1.247489
2026-06-10 12:51: Train Epoch 24: 180/569 Loss: 1.281195
2026-06-10 12:51: Train Epoch 24: 200/569 Loss: 1.336838
2026-06-10 12:51: Train Epoch 24: 220/569 Loss: 1.337646
2026-06-10 12:51: Train Epoch 24: 240/569 Loss: 1.445938
2026-06-10 12:51: Train Epoch 24: 260/569 Loss: 1.331713
2026-06-10 12:51: Train Epoch 24: 280/569 Loss: 1.278022
2026-06-10 12:51: Train Epoch 24: 300/569 Loss: 1.277699
2026-06-10 12:51: Train Epoch 24: 320/569 Loss: 1.175223
2026-06-10 12:51: Train Epoch 24: 340/569 Loss: 1.132141
2026-06-10 12:51: Train Epoch 24: 360/569 Loss: 1.250377
2026-06-10 12:51: Train Epoch 24: 380/569 Loss: 1.499067
2026-06-10 12:51: Train Epoch 24: 400/569 Loss: 1.288380
2026-06-10 12:52: Train Epoch 24: 420/569 Loss: 1.232056
2026-06-10 12:52: Train Epoch 24: 440/569 Loss: 1.281829
2026-06-10 12:52: Train Epoch 24: 460/569 Loss: 1.481324
2026-06-10 12:52: Train Epoch 24: 480/569 Loss: 1.199034
2026-06-10 12:52: Train Epoch 24: 500/569 Loss: 1.316918
2026-06-10 12:52: Train Epoch 24: 520/569 Loss: 1.229186
2026-06-10 12:52: Train Epoch 24: 540/569 Loss: 1.223029
2026-06-10 12:52: Train Epoch 24: 560/569 Loss: 1.251702
2026-06-10 12:52: **********Train Epoch 24: averaged Loss: 1.290061, tf_ratio: 1.000000
2026-06-10 12:52: **********Val Epoch 24: average Loss: 1.594143
2026-06-10 12:52: Train Epoch 25: 0/569 Loss: 1.283074
2026-06-10 12:52: Train Epoch 25: 20/569 Loss: 1.266543
2026-06-10 12:52: Train Epoch 25: 40/569 Loss: 1.214492
2026-06-10 12:52: Train Epoch 25: 60/569 Loss: 1.255145
2026-06-10 12:52: Train Epoch 25: 80/569 Loss: 1.299623
2026-06-10 12:52: Train Epoch 25: 100/569 Loss: 1.332845
2026-06-10 12:52: Train Epoch 25: 120/569 Loss: 1.274041
2026-06-10 12:52: Train Epoch 25: 140/569 Loss: 1.454047
2026-06-10 12:53: Train Epoch 25: 160/569 Loss: 1.290210
2026-06-10 12:53: Train Epoch 25: 180/569 Loss: 1.174164
2026-06-10 12:53: Train Epoch 25: 200/569 Loss: 1.298491
2026-06-10 12:53: Train Epoch 25: 220/569 Loss: 1.320998
2026-06-10 12:53: Train Epoch 25: 240/569 Loss: 1.258125
2026-06-10 12:53: Train Epoch 25: 260/569 Loss: 1.453264
2026-06-10 12:53: Train Epoch 25: 280/569 Loss: 1.355051
2026-06-10 12:53: Train Epoch 25: 300/569 Loss: 1.390595
2026-06-10 12:53: Train Epoch 25: 320/569 Loss: 1.451070
2026-06-10 12:53: Train Epoch 25: 340/569 Loss: 1.369998
2026-06-10 12:53: Train Epoch 25: 360/569 Loss: 1.209715
2026-06-10 12:53: Train Epoch 25: 380/569 Loss: 1.385875
2026-06-10 12:53: Train Epoch 25: 400/569 Loss: 1.292845
2026-06-10 12:53: Train Epoch 25: 420/569 Loss: 1.202080
2026-06-10 12:53: Train Epoch 25: 440/569 Loss: 1.217597
2026-06-10 12:53: Train Epoch 25: 460/569 Loss: 1.370689
2026-06-10 12:53: Train Epoch 25: 480/569 Loss: 1.343842
2026-06-10 12:54: Train Epoch 25: 500/569 Loss: 1.311215
2026-06-10 12:54: Train Epoch 25: 520/569 Loss: 1.261947
2026-06-10 12:54: Train Epoch 25: 540/569 Loss: 1.475011
2026-06-10 12:54: Train Epoch 25: 560/569 Loss: 1.279990
2026-06-10 12:54: **********Train Epoch 25: averaged Loss: 1.284234, tf_ratio: 1.000000
2026-06-10 12:54: **********Val Epoch 25: average Loss: 1.591103
2026-06-10 12:54: *********************************Current best model saved!
2026-06-10 12:54: Train Epoch 26: 0/569 Loss: 1.193680
2026-06-10 12:54: Train Epoch 26: 20/569 Loss: 1.273770
2026-06-10 12:54: Train Epoch 26: 40/569 Loss: 1.332569
2026-06-10 12:54: Train Epoch 26: 60/569 Loss: 1.260559
2026-06-10 12:54: Train Epoch 26: 80/569 Loss: 1.215223
2026-06-10 12:54: Train Epoch 26: 100/569 Loss: 1.325042
2026-06-10 12:54: Train Epoch 26: 120/569 Loss: 1.375812
2026-06-10 12:54: Train Epoch 26: 140/569 Loss: 1.347601
2026-06-10 12:54: Train Epoch 26: 160/569 Loss: 1.259538
2026-06-10 12:54: Train Epoch 26: 180/569 Loss: 1.209876
2026-06-10 12:54: Train Epoch 26: 200/569 Loss: 1.229093
2026-06-10 12:54: Train Epoch 26: 220/569 Loss: 1.259312
2026-06-10 12:54: Train Epoch 26: 240/569 Loss: 1.307927
2026-06-10 12:55: Train Epoch 26: 260/569 Loss: 1.271712
2026-06-10 12:55: Train Epoch 26: 280/569 Loss: 1.290346
2026-06-10 12:55: Train Epoch 26: 300/569 Loss: 1.322586
2026-06-10 12:55: Train Epoch 26: 320/569 Loss: 1.243870
2026-06-10 12:55: Train Epoch 26: 340/569 Loss: 1.247789
2026-06-10 12:55: Train Epoch 26: 360/569 Loss: 1.389125
2026-06-10 12:55: Train Epoch 26: 380/569 Loss: 1.284712
2026-06-10 12:55: Train Epoch 26: 400/569 Loss: 1.258192
2026-06-10 12:55: Train Epoch 26: 420/569 Loss: 1.239544
2026-06-10 12:55: Train Epoch 26: 440/569 Loss: 1.176070
2026-06-10 12:55: Train Epoch 26: 460/569 Loss: 1.320068
2026-06-10 12:55: Train Epoch 26: 480/569 Loss: 1.482227
2026-06-10 12:55: Train Epoch 26: 500/569 Loss: 1.291087
2026-06-10 12:55: Train Epoch 26: 520/569 Loss: 1.266811
2026-06-10 12:55: Train Epoch 26: 540/569 Loss: 1.169840
2026-06-10 12:55: Train Epoch 26: 560/569 Loss: 1.264194
2026-06-10 12:55: **********Train Epoch 26: averaged Loss: 1.278717, tf_ratio: 1.000000
2026-06-10 12:56: **********Val Epoch 26: average Loss: 1.595829
2026-06-10 12:56: Train Epoch 27: 0/569 Loss: 1.310900
2026-06-10 12:56: Train Epoch 27: 20/569 Loss: 1.284824
2026-06-10 12:56: Train Epoch 27: 40/569 Loss: 1.126407
2026-06-10 12:56: Train Epoch 27: 60/569 Loss: 1.253677
2026-06-10 12:56: Train Epoch 27: 80/569 Loss: 1.349422
2026-06-10 12:56: Train Epoch 27: 100/569 Loss: 1.303699
2026-06-10 12:56: Train Epoch 27: 120/569 Loss: 1.414583
2026-06-10 12:56: Train Epoch 27: 140/569 Loss: 1.235959
2026-06-10 12:56: Train Epoch 27: 160/569 Loss: 1.286954
2026-06-10 12:56: Train Epoch 27: 180/569 Loss: 1.219717
2026-06-10 12:56: Train Epoch 27: 200/569 Loss: 1.229992
2026-06-10 12:56: Train Epoch 27: 220/569 Loss: 1.427056
2026-06-10 12:56: Train Epoch 27: 240/569 Loss: 1.223278
2026-06-10 12:56: Train Epoch 27: 260/569 Loss: 1.251988
2026-06-10 12:56: Train Epoch 27: 280/569 Loss: 1.185781
2026-06-10 12:56: Train Epoch 27: 300/569 Loss: 1.303878
2026-06-10 12:56: Train Epoch 27: 320/569 Loss: 1.285961
2026-06-10 12:56: Train Epoch 27: 340/569 Loss: 1.194036
2026-06-10 12:57: Train Epoch 27: 360/569 Loss: 1.102837
2026-06-10 12:57: Train Epoch 27: 380/569 Loss: 1.415378
2026-06-10 12:57: Train Epoch 27: 400/569 Loss: 1.242878
2026-06-10 12:57: Train Epoch 27: 420/569 Loss: 1.343369
2026-06-10 12:57: Train Epoch 27: 440/569 Loss: 1.274926
2026-06-10 12:57: Train Epoch 27: 460/569 Loss: 1.267848
2026-06-10 12:57: Train Epoch 27: 480/569 Loss: 1.379687
2026-06-10 12:57: Train Epoch 27: 500/569 Loss: 1.170293
2026-06-10 12:57: Train Epoch 27: 520/569 Loss: 1.257663
2026-06-10 12:57: Train Epoch 27: 540/569 Loss: 1.360978
2026-06-10 12:57: Train Epoch 27: 560/569 Loss: 1.394575
2026-06-10 12:57: **********Train Epoch 27: averaged Loss: 1.272606, tf_ratio: 1.000000
2026-06-10 12:57: **********Val Epoch 27: average Loss: 1.595699
2026-06-10 12:57: Train Epoch 28: 0/569 Loss: 1.392183
2026-06-10 12:57: Train Epoch 28: 20/569 Loss: 1.238999
2026-06-10 12:57: Train Epoch 28: 40/569 Loss: 1.233668
2026-06-10 12:57: Train Epoch 28: 60/569 Loss: 1.278271
2026-06-10 12:57: Train Epoch 28: 80/569 Loss: 1.192253
2026-06-10 12:58: Train Epoch 28: 100/569 Loss: 1.213173
2026-06-10 12:58: Train Epoch 28: 120/569 Loss: 1.179835
2026-06-10 12:58: Train Epoch 28: 140/569 Loss: 1.337247
2026-06-10 12:58: Train Epoch 28: 160/569 Loss: 1.380311
2026-06-10 12:58: Train Epoch 28: 180/569 Loss: 1.180481
2026-06-10 12:58: Train Epoch 28: 200/569 Loss: 1.300817
2026-06-10 12:58: Train Epoch 28: 220/569 Loss: 1.327512
2026-06-10 12:58: Train Epoch 28: 240/569 Loss: 1.462217
2026-06-10 12:58: Train Epoch 28: 260/569 Loss: 1.269702
2026-06-10 12:58: Train Epoch 28: 280/569 Loss: 1.208946
2026-06-10 12:58: Train Epoch 28: 300/569 Loss: 1.257820
2026-06-10 12:58: Train Epoch 28: 320/569 Loss: 1.096766
2026-06-10 12:58: Train Epoch 28: 340/569 Loss: 1.358321
2026-06-10 12:58: Train Epoch 28: 360/569 Loss: 1.244816
2026-06-10 12:58: Train Epoch 28: 380/569 Loss: 1.270175
2026-06-10 12:58: Train Epoch 28: 400/569 Loss: 1.345444
2026-06-10 12:58: Train Epoch 28: 420/569 Loss: 1.168853
2026-06-10 12:59: Train Epoch 28: 440/569 Loss: 1.194911
2026-06-10 12:59: Train Epoch 28: 460/569 Loss: 1.393542
2026-06-10 12:59: Train Epoch 28: 480/569 Loss: 1.238479
2026-06-10 12:59: Train Epoch 28: 500/569 Loss: 1.158879
2026-06-10 12:59: Train Epoch 28: 520/569 Loss: 1.141548
2026-06-10 12:59: Train Epoch 28: 540/569 Loss: 1.252410
2026-06-10 12:59: Train Epoch 28: 560/569 Loss: 1.248886
2026-06-10 12:59: **********Train Epoch 28: averaged Loss: 1.268292, tf_ratio: 1.000000
2026-06-10 12:59: **********Val Epoch 28: average Loss: 1.601218
2026-06-10 12:59: Train Epoch 29: 0/569 Loss: 1.336957
2026-06-10 12:59: Train Epoch 29: 20/569 Loss: 1.272830
2026-06-10 12:59: Train Epoch 29: 40/569 Loss: 1.329945
2026-06-10 12:59: Train Epoch 29: 60/569 Loss: 1.323938
2026-06-10 12:59: Train Epoch 29: 80/569 Loss: 1.174223
2026-06-10 12:59: Train Epoch 29: 100/569 Loss: 1.186095
2026-06-10 12:59: Train Epoch 29: 120/569 Loss: 1.214456
2026-06-10 12:59: Train Epoch 29: 140/569 Loss: 1.321756
2026-06-10 12:59: Train Epoch 29: 160/569 Loss: 1.234750
2026-06-10 12:59: Train Epoch 29: 180/569 Loss: 1.280049
2026-06-10 13:00: Train Epoch 29: 200/569 Loss: 1.223341
2026-06-10 13:00: Train Epoch 29: 220/569 Loss: 1.245892
2026-06-10 13:00: Train Epoch 29: 240/569 Loss: 1.333446
2026-06-10 13:00: Train Epoch 29: 260/569 Loss: 1.175883
2026-06-10 13:00: Train Epoch 29: 280/569 Loss: 1.291677
2026-06-10 13:00: Train Epoch 29: 300/569 Loss: 1.293854
2026-06-10 13:00: Train Epoch 29: 320/569 Loss: 1.191592
2026-06-10 13:00: Train Epoch 29: 340/569 Loss: 1.234125
2026-06-10 13:00: Train Epoch 29: 360/569 Loss: 1.214379
2026-06-10 13:00: Train Epoch 29: 380/569 Loss: 1.185409
2026-06-10 13:00: Train Epoch 29: 400/569 Loss: 1.181904
2026-06-10 13:00: Train Epoch 29: 420/569 Loss: 1.203920
2026-06-10 13:00: Train Epoch 29: 440/569 Loss: 1.257377
2026-06-10 13:00: Train Epoch 29: 460/569 Loss: 1.184074
2026-06-10 13:00: Train Epoch 29: 480/569 Loss: 1.320590
2026-06-10 13:00: Train Epoch 29: 500/569 Loss: 1.271972
2026-06-10 13:00: Train Epoch 29: 520/569 Loss: 1.323783
2026-06-10 13:01: Train Epoch 29: 540/569 Loss: 1.095895
2026-06-10 13:01: Train Epoch 29: 560/569 Loss: 1.240240
2026-06-10 13:01: **********Train Epoch 29: averaged Loss: 1.261612, tf_ratio: 1.000000
2026-06-10 13:01: **********Val Epoch 29: average Loss: 1.600759
2026-06-10 13:01: Train Epoch 30: 0/569 Loss: 1.235108
2026-06-10 13:01: Train Epoch 30: 20/569 Loss: 1.236513
2026-06-10 13:01: Train Epoch 30: 40/569 Loss: 1.326008
2026-06-10 13:01: Train Epoch 30: 60/569 Loss: 1.360067
2026-06-10 13:01: Train Epoch 30: 80/569 Loss: 1.103378
2026-06-10 13:01: Train Epoch 30: 100/569 Loss: 1.254493
2026-06-10 13:01: Train Epoch 30: 120/569 Loss: 1.061787
2026-06-10 13:01: Train Epoch 30: 140/569 Loss: 1.295126
2026-06-10 13:01: Train Epoch 30: 160/569 Loss: 1.211488
2026-06-10 13:01: Train Epoch 30: 180/569 Loss: 1.104530
2026-06-10 13:01: Train Epoch 30: 200/569 Loss: 1.280784
2026-06-10 13:01: Train Epoch 30: 220/569 Loss: 1.264003
2026-06-10 13:01: Train Epoch 30: 240/569 Loss: 1.214504
2026-06-10 13:01: Train Epoch 30: 260/569 Loss: 1.214688
2026-06-10 13:02: Train Epoch 30: 280/569 Loss: 1.368429
2026-06-10 13:02: Train Epoch 30: 300/569 Loss: 1.281721
2026-06-10 13:02: Train Epoch 30: 320/569 Loss: 1.185008
2026-06-10 13:02: Train Epoch 30: 340/569 Loss: 1.276531
2026-06-10 13:02: Train Epoch 30: 360/569 Loss: 1.168135
2026-06-10 13:02: Train Epoch 30: 380/569 Loss: 1.292275
2026-06-10 13:02: Train Epoch 30: 400/569 Loss: 1.395848
2026-06-10 13:02: Train Epoch 30: 420/569 Loss: 1.204920
2026-06-10 13:02: Train Epoch 30: 440/569 Loss: 1.155954
2026-06-10 13:02: Train Epoch 30: 460/569 Loss: 1.408860
2026-06-10 13:02: Train Epoch 30: 480/569 Loss: 1.257494
2026-06-10 13:02: Train Epoch 30: 500/569 Loss: 1.256129
2026-06-10 13:02: Train Epoch 30: 520/569 Loss: 1.271592
2026-06-10 13:02: Train Epoch 30: 540/569 Loss: 1.265215
2026-06-10 13:02: Train Epoch 30: 560/569 Loss: 1.258851
2026-06-10 13:02: **********Train Epoch 30: averaged Loss: 1.259201, tf_ratio: 1.000000
2026-06-10 13:02: **********Val Epoch 30: average Loss: 1.593321
2026-06-10 13:02: Train Epoch 31: 0/569 Loss: 1.333187
2026-06-10 13:02: Train Epoch 31: 20/569 Loss: 1.242484
2026-06-10 13:03: Train Epoch 31: 40/569 Loss: 1.218782
2026-06-10 13:03: Train Epoch 31: 60/569 Loss: 1.263722
2026-06-10 13:03: Train Epoch 31: 80/569 Loss: 1.251276
2026-06-10 13:03: Train Epoch 31: 100/569 Loss: 1.347686
2026-06-10 13:03: Train Epoch 31: 120/569 Loss: 1.258332
2026-06-10 13:03: Train Epoch 31: 140/569 Loss: 1.251869
2026-06-10 13:03: Train Epoch 31: 160/569 Loss: 1.273438
2026-06-10 13:03: Train Epoch 31: 180/569 Loss: 1.187611
2026-06-10 13:03: Train Epoch 31: 200/569 Loss: 1.212207
2026-06-10 13:03: Train Epoch 31: 220/569 Loss: 1.266919
2026-06-10 13:03: Train Epoch 31: 240/569 Loss: 1.287149
2026-06-10 13:03: Train Epoch 31: 260/569 Loss: 1.248755
2026-06-10 13:03: Train Epoch 31: 280/569 Loss: 1.119655
2026-06-10 13:03: Train Epoch 31: 300/569 Loss: 1.321331
2026-06-10 13:03: Train Epoch 31: 320/569 Loss: 1.306778
2026-06-10 13:03: Train Epoch 31: 340/569 Loss: 1.322777
2026-06-10 13:03: Train Epoch 31: 360/569 Loss: 1.290393
2026-06-10 13:04: Train Epoch 31: 380/569 Loss: 1.187396
2026-06-10 13:04: Train Epoch 31: 400/569 Loss: 1.163697
2026-06-10 13:04: Train Epoch 31: 420/569 Loss: 1.312875
2026-06-10 13:04: Train Epoch 31: 440/569 Loss: 1.363330
2026-06-10 13:04: Train Epoch 31: 460/569 Loss: 1.265428
2026-06-10 13:04: Train Epoch 31: 480/569 Loss: 1.425271
2026-06-10 13:04: Train Epoch 31: 500/569 Loss: 1.198081
2026-06-10 13:04: Train Epoch 31: 520/569 Loss: 1.139821
2026-06-10 13:04: Train Epoch 31: 540/569 Loss: 1.128626
2026-06-10 13:04: Train Epoch 31: 560/569 Loss: 1.224005
2026-06-10 13:04: **********Train Epoch 31: averaged Loss: 1.251742, tf_ratio: 1.000000
2026-06-10 13:04: **********Val Epoch 31: average Loss: 1.603297
2026-06-10 13:04: Train Epoch 32: 0/569 Loss: 1.289162
2026-06-10 13:04: Train Epoch 32: 20/569 Loss: 1.227006
2026-06-10 13:04: Train Epoch 32: 40/569 Loss: 1.364611
2026-06-10 13:04: Train Epoch 32: 60/569 Loss: 1.131719
2026-06-10 13:04: Train Epoch 32: 80/569 Loss: 1.302691
2026-06-10 13:04: Train Epoch 32: 100/569 Loss: 1.130652
2026-06-10 13:04: Train Epoch 32: 120/569 Loss: 1.195022
2026-06-10 13:05: Train Epoch 32: 140/569 Loss: 1.301955
2026-06-10 13:05: Train Epoch 32: 160/569 Loss: 1.215497
2026-06-10 13:05: Train Epoch 32: 180/569 Loss: 1.149241
2026-06-10 13:05: Train Epoch 32: 200/569 Loss: 1.139875
2026-06-10 13:05: Train Epoch 32: 220/569 Loss: 1.166971
2026-06-10 13:05: Train Epoch 32: 240/569 Loss: 1.276937
2026-06-10 13:05: Train Epoch 32: 260/569 Loss: 1.140574
2026-06-10 13:05: Train Epoch 32: 280/569 Loss: 1.222867
2026-06-10 13:05: Train Epoch 32: 300/569 Loss: 1.398186
2026-06-10 13:05: Train Epoch 32: 320/569 Loss: 1.230021
2026-06-10 13:05: Train Epoch 32: 340/569 Loss: 1.372627
2026-06-10 13:05: Train Epoch 32: 360/569 Loss: 1.251249
2026-06-10 13:05: Train Epoch 32: 380/569 Loss: 1.193973
2026-06-10 13:05: Train Epoch 32: 400/569 Loss: 1.237314
2026-06-10 13:05: Train Epoch 32: 420/569 Loss: 1.044017
2026-06-10 13:05: Train Epoch 32: 440/569 Loss: 1.298202
2026-06-10 13:05: Train Epoch 32: 460/569 Loss: 1.119340
2026-06-10 13:06: Train Epoch 32: 480/569 Loss: 1.241767
2026-06-10 13:06: Train Epoch 32: 500/569 Loss: 1.247927
2026-06-10 13:06: Train Epoch 32: 520/569 Loss: 1.200053
2026-06-10 13:06: Train Epoch 32: 540/569 Loss: 1.200406
2026-06-10 13:06: Train Epoch 32: 560/569 Loss: 1.211066
2026-06-10 13:06: **********Train Epoch 32: averaged Loss: 1.249109, tf_ratio: 1.000000
2026-06-10 13:06: **********Val Epoch 32: average Loss: 1.598653
2026-06-10 13:06: Train Epoch 33: 0/569 Loss: 1.209397
2026-06-10 13:06: Train Epoch 33: 20/569 Loss: 1.254758
2026-06-10 13:06: Train Epoch 33: 40/569 Loss: 1.315623
2026-06-10 13:06: Train Epoch 33: 60/569 Loss: 1.221030
2026-06-10 13:06: Train Epoch 33: 80/569 Loss: 1.301215
2026-06-10 13:06: Train Epoch 33: 100/569 Loss: 1.198632
2026-06-10 13:06: Train Epoch 33: 120/569 Loss: 1.056206
2026-06-10 13:06: Train Epoch 33: 140/569 Loss: 1.150685
2026-06-10 13:06: Train Epoch 33: 160/569 Loss: 1.215827
2026-06-10 13:06: Train Epoch 33: 180/569 Loss: 1.272007
2026-06-10 13:06: Train Epoch 33: 200/569 Loss: 1.323910
2026-06-10 13:07: Train Epoch 33: 220/569 Loss: 1.170518
2026-06-10 13:07: Train Epoch 33: 240/569 Loss: 1.047423
2026-06-10 13:07: Train Epoch 33: 260/569 Loss: 1.177062
2026-06-10 13:07: Train Epoch 33: 280/569 Loss: 1.264050
2026-06-10 13:07: Train Epoch 33: 300/569 Loss: 1.128227
2026-06-10 13:07: Train Epoch 33: 320/569 Loss: 1.333632
2026-06-10 13:07: Train Epoch 33: 340/569 Loss: 1.321996
2026-06-10 13:07: Train Epoch 33: 360/569 Loss: 1.271273
2026-06-10 13:07: Train Epoch 33: 380/569 Loss: 1.300271
2026-06-10 13:07: Train Epoch 33: 400/569 Loss: 1.218068
2026-06-10 13:07: Train Epoch 33: 420/569 Loss: 1.315885
2026-06-10 13:07: Train Epoch 33: 440/569 Loss: 1.308764
2026-06-10 13:07: Train Epoch 33: 460/569 Loss: 1.205971
2026-06-10 13:07: Train Epoch 33: 480/569 Loss: 1.141551
2026-06-10 13:07: Train Epoch 33: 500/569 Loss: 1.283904
2026-06-10 13:07: Train Epoch 33: 520/569 Loss: 1.267140
2026-06-10 13:07: Train Epoch 33: 540/569 Loss: 1.209219
2026-06-10 13:07: Train Epoch 33: 560/569 Loss: 1.416062
2026-06-10 13:08: **********Train Epoch 33: averaged Loss: 1.242847, tf_ratio: 1.000000
2026-06-10 13:08: **********Val Epoch 33: average Loss: 1.607812
2026-06-10 13:08: Train Epoch 34: 0/569 Loss: 1.158268
2026-06-10 13:08: Train Epoch 34: 20/569 Loss: 1.148110
2026-06-10 13:08: Train Epoch 34: 40/569 Loss: 1.133985
2026-06-10 13:08: Train Epoch 34: 60/569 Loss: 1.272408
2026-06-10 13:08: Train Epoch 34: 80/569 Loss: 1.090605
2026-06-10 13:08: Train Epoch 34: 100/569 Loss: 1.318858
2026-06-10 13:08: Train Epoch 34: 120/569 Loss: 1.331869
2026-06-10 13:08: Train Epoch 34: 140/569 Loss: 1.226293
2026-06-10 13:08: Train Epoch 34: 160/569 Loss: 1.204142
2026-06-10 13:08: Train Epoch 34: 180/569 Loss: 1.257353
2026-06-10 13:08: Train Epoch 34: 200/569 Loss: 1.180876
2026-06-10 13:08: Train Epoch 34: 220/569 Loss: 1.260697
2026-06-10 13:08: Train Epoch 34: 240/569 Loss: 1.269131
2026-06-10 13:08: Train Epoch 34: 260/569 Loss: 1.277736
2026-06-10 13:08: Train Epoch 34: 280/569 Loss: 1.233767
2026-06-10 13:08: Train Epoch 34: 300/569 Loss: 1.232980
2026-06-10 13:09: Train Epoch 34: 320/569 Loss: 1.323140
2026-06-10 13:09: Train Epoch 34: 340/569 Loss: 1.176216
2026-06-10 13:09: Train Epoch 34: 360/569 Loss: 1.238148
2026-06-10 13:09: Train Epoch 34: 380/569 Loss: 1.361178
2026-06-10 13:09: Train Epoch 34: 400/569 Loss: 1.349052
2026-06-10 13:09: Train Epoch 34: 420/569 Loss: 1.240276
2026-06-10 13:09: Train Epoch 34: 440/569 Loss: 1.231531
2026-06-10 13:09: Train Epoch 34: 460/569 Loss: 1.208430
2026-06-10 13:09: Train Epoch 34: 480/569 Loss: 1.283827
2026-06-10 13:09: Train Epoch 34: 500/569 Loss: 1.212739
2026-06-10 13:09: Train Epoch 34: 520/569 Loss: 1.273782
2026-06-10 13:09: Train Epoch 34: 540/569 Loss: 1.180527
2026-06-10 13:09: Train Epoch 34: 560/569 Loss: 1.303570
2026-06-10 13:09: **********Train Epoch 34: averaged Loss: 1.240821, tf_ratio: 1.000000
2026-06-10 13:09: **********Val Epoch 34: average Loss: 1.598408
2026-06-10 13:09: Train Epoch 35: 0/569 Loss: 1.285139
2026-06-10 13:09: Train Epoch 35: 20/569 Loss: 1.254286
2026-06-10 13:09: Train Epoch 35: 40/569 Loss: 1.144769
2026-06-10 13:09: Train Epoch 35: 60/569 Loss: 1.110315
2026-06-10 13:10: Train Epoch 35: 80/569 Loss: 1.325839
2026-06-10 13:10: Train Epoch 35: 100/569 Loss: 1.152233
2026-06-10 13:10: Train Epoch 35: 120/569 Loss: 1.311955
2026-06-10 13:10: Train Epoch 35: 140/569 Loss: 1.376815
2026-06-10 13:10: Train Epoch 35: 160/569 Loss: 1.237487
2026-06-10 13:10: Train Epoch 35: 180/569 Loss: 1.253837
2026-06-10 13:10: Train Epoch 35: 200/569 Loss: 1.220504
2026-06-10 13:10: Train Epoch 35: 220/569 Loss: 1.217600
2026-06-10 13:10: Train Epoch 35: 240/569 Loss: 1.255462
2026-06-10 13:10: Train Epoch 35: 260/569 Loss: 1.121043
2026-06-10 13:10: Train Epoch 35: 280/569 Loss: 1.230005
2026-06-10 13:10: Train Epoch 35: 300/569 Loss: 1.176472
2026-06-10 13:10: Train Epoch 35: 320/569 Loss: 1.263892
2026-06-10 13:10: Train Epoch 35: 340/569 Loss: 1.314159
2026-06-10 13:10: Train Epoch 35: 360/569 Loss: 1.250735
2026-06-10 13:10: Train Epoch 35: 380/569 Loss: 1.204658
2026-06-10 13:10: Train Epoch 35: 400/569 Loss: 1.405008
2026-06-10 13:11: Train Epoch 35: 420/569 Loss: 1.176521
2026-06-10 13:11: Train Epoch 35: 440/569 Loss: 1.242285
2026-06-10 13:11: Train Epoch 35: 460/569 Loss: 1.263659
2026-06-10 13:11: Train Epoch 35: 480/569 Loss: 1.312602
2026-06-10 13:11: Train Epoch 35: 500/569 Loss: 1.265310
2026-06-10 13:11: Train Epoch 35: 520/569 Loss: 1.343072
2026-06-10 13:11: Train Epoch 35: 540/569 Loss: 1.259395
2026-06-10 13:11: Train Epoch 35: 560/569 Loss: 1.205590
2026-06-10 13:11: **********Train Epoch 35: averaged Loss: 1.237446, tf_ratio: 1.000000
2026-06-10 13:11: **********Val Epoch 35: average Loss: 1.600870
2026-06-10 13:11: Train Epoch 36: 0/569 Loss: 1.220655
2026-06-10 13:11: Train Epoch 36: 20/569 Loss: 1.188249
2026-06-10 13:11: Train Epoch 36: 40/569 Loss: 1.309202
2026-06-10 13:11: Train Epoch 36: 60/569 Loss: 1.299351
2026-06-10 13:11: Train Epoch 36: 80/569 Loss: 1.234282
2026-06-10 13:11: Train Epoch 36: 100/569 Loss: 1.249662
2026-06-10 13:11: Train Epoch 36: 120/569 Loss: 1.231130
2026-06-10 13:11: Train Epoch 36: 140/569 Loss: 1.199377
2026-06-10 13:12: Train Epoch 36: 160/569 Loss: 1.226944
2026-06-10 13:12: Train Epoch 36: 180/569 Loss: 1.388590
2026-06-10 13:12: Train Epoch 36: 200/569 Loss: 1.205713
2026-06-10 13:12: Train Epoch 36: 220/569 Loss: 1.237146
2026-06-10 13:12: Train Epoch 36: 240/569 Loss: 1.223246
2026-06-10 13:12: Train Epoch 36: 260/569 Loss: 1.171997
2026-06-10 13:12: Train Epoch 36: 280/569 Loss: 1.240218
2026-06-10 13:12: Train Epoch 36: 300/569 Loss: 1.180071
2026-06-10 13:12: Train Epoch 36: 320/569 Loss: 1.288063
2026-06-10 13:12: Train Epoch 36: 340/569 Loss: 1.372914
2026-06-10 13:12: Train Epoch 36: 360/569 Loss: 1.238306
2026-06-10 13:12: Train Epoch 36: 380/569 Loss: 1.240000
2026-06-10 13:12: Train Epoch 36: 400/569 Loss: 1.210729
2026-06-10 13:12: Train Epoch 36: 420/569 Loss: 1.067553
2026-06-10 13:12: Train Epoch 36: 440/569 Loss: 1.246103
2026-06-10 13:12: Train Epoch 36: 460/569 Loss: 1.360154
2026-06-10 13:12: Train Epoch 36: 480/569 Loss: 1.263862
2026-06-10 13:13: Train Epoch 36: 500/569 Loss: 1.220162
2026-06-10 13:13: Train Epoch 36: 520/569 Loss: 1.346158
2026-06-10 13:13: Train Epoch 36: 540/569 Loss: 1.370457
2026-06-10 13:13: Train Epoch 36: 560/569 Loss: 1.225154
2026-06-10 13:13: **********Train Epoch 36: averaged Loss: 1.231377, tf_ratio: 1.000000
2026-06-10 13:13: **********Val Epoch 36: average Loss: 1.604250
2026-06-10 13:13: Train Epoch 37: 0/569 Loss: 1.255075
2026-06-10 13:13: Train Epoch 37: 20/569 Loss: 1.175653
2026-06-10 13:13: Train Epoch 37: 40/569 Loss: 1.299405
2026-06-10 13:13: Train Epoch 37: 60/569 Loss: 1.202985
2026-06-10 13:13: Train Epoch 37: 80/569 Loss: 1.143510
2026-06-10 13:13: Train Epoch 37: 100/569 Loss: 1.292412
2026-06-10 13:13: Train Epoch 37: 120/569 Loss: 1.158281
2026-06-10 13:13: Train Epoch 37: 140/569 Loss: 1.121016
2026-06-10 13:13: Train Epoch 37: 160/569 Loss: 1.211101
2026-06-10 13:13: Train Epoch 37: 180/569 Loss: 1.300984
2026-06-10 13:13: Train Epoch 37: 200/569 Loss: 1.140360
2026-06-10 13:13: Train Epoch 37: 220/569 Loss: 1.174119
2026-06-10 13:13: Train Epoch 37: 240/569 Loss: 1.211038
2026-06-10 13:14: Train Epoch 37: 260/569 Loss: 1.199314
2026-06-10 13:14: Train Epoch 37: 280/569 Loss: 1.156223
2026-06-10 13:14: Train Epoch 37: 300/569 Loss: 1.196486
2026-06-10 13:14: Train Epoch 37: 320/569 Loss: 1.229871
2026-06-10 13:14: Train Epoch 37: 340/569 Loss: 1.249510
2026-06-10 13:14: Train Epoch 37: 360/569 Loss: 1.195827
2026-06-10 13:14: Train Epoch 37: 380/569 Loss: 1.245332
2026-06-10 13:14: Train Epoch 37: 400/569 Loss: 1.162347
2026-06-10 13:14: Train Epoch 37: 420/569 Loss: 1.279649
2026-06-10 13:14: Train Epoch 37: 440/569 Loss: 1.197696
2026-06-10 13:14: Train Epoch 37: 460/569 Loss: 1.258322
2026-06-10 13:14: Train Epoch 37: 480/569 Loss: 1.187858
2026-06-10 13:14: Train Epoch 37: 500/569 Loss: 1.240682
2026-06-10 13:14: Train Epoch 37: 520/569 Loss: 1.148500
2026-06-10 13:14: Train Epoch 37: 540/569 Loss: 1.185165
2026-06-10 13:14: Train Epoch 37: 560/569 Loss: 1.345777
2026-06-10 13:14: **********Train Epoch 37: averaged Loss: 1.228110, tf_ratio: 1.000000
2026-06-10 13:15: **********Val Epoch 37: average Loss: 1.613687
2026-06-10 13:15: Train Epoch 38: 0/569 Loss: 1.211190
2026-06-10 13:15: Train Epoch 38: 20/569 Loss: 1.173054
2026-06-10 13:15: Train Epoch 38: 40/569 Loss: 1.387463
2026-06-10 13:15: Train Epoch 38: 60/569 Loss: 1.228151
2026-06-10 13:15: Train Epoch 38: 80/569 Loss: 1.147740
2026-06-10 13:15: Train Epoch 38: 100/569 Loss: 1.317377
2026-06-10 13:15: Train Epoch 38: 120/569 Loss: 1.199396
2026-06-10 13:15: Train Epoch 38: 140/569 Loss: 1.166019
2026-06-10 13:15: Train Epoch 38: 160/569 Loss: 1.149522
2026-06-10 13:15: Train Epoch 38: 180/569 Loss: 1.200084
2026-06-10 13:15: Train Epoch 38: 200/569 Loss: 1.301606
2026-06-10 13:15: Train Epoch 38: 220/569 Loss: 1.255160
2026-06-10 13:15: Train Epoch 38: 240/569 Loss: 1.369480
2026-06-10 13:15: Train Epoch 38: 260/569 Loss: 1.236895
2026-06-10 13:15: Train Epoch 38: 280/569 Loss: 1.273381
2026-06-10 13:15: Train Epoch 38: 300/569 Loss: 1.132951
2026-06-10 13:15: Train Epoch 38: 320/569 Loss: 1.192597
2026-06-10 13:16: Train Epoch 38: 340/569 Loss: 1.065048
2026-06-10 13:16: Train Epoch 38: 360/569 Loss: 1.298250
2026-06-10 13:16: Train Epoch 38: 380/569 Loss: 1.276534
2026-06-10 13:16: Train Epoch 38: 400/569 Loss: 1.219281
2026-06-10 13:16: Train Epoch 38: 420/569 Loss: 1.386504
2026-06-10 13:16: Train Epoch 38: 440/569 Loss: 1.408403
2026-06-10 13:16: Train Epoch 38: 460/569 Loss: 1.257652
2026-06-10 13:16: Train Epoch 38: 480/569 Loss: 1.145896
2026-06-10 13:16: Train Epoch 38: 500/569 Loss: 1.184450
2026-06-10 13:16: Train Epoch 38: 520/569 Loss: 1.339842
2026-06-10 13:16: Train Epoch 38: 540/569 Loss: 1.293945
2026-06-10 13:16: Train Epoch 38: 560/569 Loss: 1.268341
2026-06-10 13:16: **********Train Epoch 38: averaged Loss: 1.223141, tf_ratio: 1.000000
2026-06-10 13:16: **********Val Epoch 38: average Loss: 1.606291
2026-06-10 13:16: Train Epoch 39: 0/569 Loss: 1.303808
2026-06-10 13:16: Train Epoch 39: 20/569 Loss: 1.212343
2026-06-10 13:16: Train Epoch 39: 40/569 Loss: 1.241039
2026-06-10 13:16: Train Epoch 39: 60/569 Loss: 1.442533
2026-06-10 13:16: Train Epoch 39: 80/569 Loss: 1.120389
2026-06-10 13:17: Train Epoch 39: 100/569 Loss: 1.175503
2026-06-10 13:17: Train Epoch 39: 120/569 Loss: 1.244636
2026-06-10 13:17: Train Epoch 39: 140/569 Loss: 1.218230
2026-06-10 13:17: Train Epoch 39: 160/569 Loss: 1.231153
2026-06-10 13:17: Train Epoch 39: 180/569 Loss: 1.178624
2026-06-10 13:17: Train Epoch 39: 200/569 Loss: 1.241752
2026-06-10 13:17: Train Epoch 39: 220/569 Loss: 1.149588
2026-06-10 13:17: Train Epoch 39: 240/569 Loss: 1.261402
2026-06-10 13:17: Train Epoch 39: 260/569 Loss: 1.305609
2026-06-10 13:17: Train Epoch 39: 280/569 Loss: 1.172608
2026-06-10 13:17: Train Epoch 39: 300/569 Loss: 1.160380
2026-06-10 13:17: Train Epoch 39: 320/569 Loss: 1.162594
2026-06-10 13:17: Train Epoch 39: 340/569 Loss: 1.178277
2026-06-10 13:17: Train Epoch 39: 360/569 Loss: 1.129219
2026-06-10 13:17: Train Epoch 39: 380/569 Loss: 1.206688
2026-06-10 13:17: Train Epoch 39: 400/569 Loss: 1.246482
2026-06-10 13:17: Train Epoch 39: 420/569 Loss: 1.249221
2026-06-10 13:18: Train Epoch 39: 440/569 Loss: 1.397042
2026-06-10 13:18: Train Epoch 39: 460/569 Loss: 1.325520
2026-06-10 13:18: Train Epoch 39: 480/569 Loss: 1.125612
2026-06-10 13:18: Train Epoch 39: 500/569 Loss: 1.263851
2026-06-10 13:18: Train Epoch 39: 520/569 Loss: 1.230829
2026-06-10 13:18: Train Epoch 39: 540/569 Loss: 1.196447
2026-06-10 13:18: Train Epoch 39: 560/569 Loss: 1.267309
2026-06-10 13:18: **********Train Epoch 39: averaged Loss: 1.221495, tf_ratio: 1.000000
2026-06-10 13:18: **********Val Epoch 39: average Loss: 1.621028
2026-06-10 13:18: Train Epoch 40: 0/569 Loss: 1.216768
2026-06-10 13:18: Train Epoch 40: 20/569 Loss: 1.363293
2026-06-10 13:18: Train Epoch 40: 40/569 Loss: 1.223314
2026-06-10 13:18: Train Epoch 40: 60/569 Loss: 1.261904
2026-06-10 13:18: Train Epoch 40: 80/569 Loss: 1.258566
2026-06-10 13:18: Train Epoch 40: 100/569 Loss: 1.213641
2026-06-10 13:18: Train Epoch 40: 120/569 Loss: 1.191740
2026-06-10 13:18: Train Epoch 40: 140/569 Loss: 1.252537
2026-06-10 13:18: Train Epoch 40: 160/569 Loss: 1.289272
2026-06-10 13:18: Train Epoch 40: 180/569 Loss: 1.128788
2026-06-10 13:19: Train Epoch 40: 200/569 Loss: 1.173276
2026-06-10 13:19: Train Epoch 40: 220/569 Loss: 1.252591
2026-06-10 13:19: Train Epoch 40: 240/569 Loss: 1.158447
2026-06-10 13:19: Train Epoch 40: 260/569 Loss: 1.242096
2026-06-10 13:19: Train Epoch 40: 280/569 Loss: 1.309977
2026-06-10 13:19: Train Epoch 40: 300/569 Loss: 1.214577
2026-06-10 13:19: Train Epoch 40: 320/569 Loss: 1.104195
2026-06-10 13:19: Train Epoch 40: 340/569 Loss: 1.144985
2026-06-10 13:19: Train Epoch 40: 360/569 Loss: 1.203381
2026-06-10 13:19: Train Epoch 40: 380/569 Loss: 1.230749
2026-06-10 13:19: Train Epoch 40: 400/569 Loss: 1.201397
2026-06-10 13:19: Train Epoch 40: 420/569 Loss: 1.226985
2026-06-10 13:19: Train Epoch 40: 440/569 Loss: 1.224830
2026-06-10 13:19: Train Epoch 40: 460/569 Loss: 1.218529
2026-06-10 13:19: Train Epoch 40: 480/569 Loss: 1.287475
2026-06-10 13:19: Train Epoch 40: 500/569 Loss: 1.137898
2026-06-10 13:19: Train Epoch 40: 520/569 Loss: 1.253201
2026-06-10 13:20: Train Epoch 40: 540/569 Loss: 1.207180
2026-06-10 13:20: Train Epoch 40: 560/569 Loss: 1.342222
2026-06-10 13:20: **********Train Epoch 40: averaged Loss: 1.218067, tf_ratio: 1.000000
2026-06-10 13:20: **********Val Epoch 40: average Loss: 1.601988
2026-06-10 13:20: Validation performance didn't improve for 15 epochs. Training stops.
2026-06-10 13:20: Total training time: 69.0953min, best loss: 1.591103
2026-06-10 13:20: Saving current best model to C:\Documents\thesis\code\Traffic-Benchmark_Fork\methods\AGCRN\model\expe
riments\PEMS-BAY\20260610121106\best_model.pth
2026-06-10 13:20: Horizon 01, MAE: 0.95, RMSE: 1.72, MAPE: 1.9337%
2026-06-10 13:20: Horizon 02, MAE: 1.19, RMSE: 2.36, MAPE: 2.5022%
2026-06-10 13:20: Horizon 03, MAE: 1.37, RMSE: 2.89, MAPE: 2.9605%
2026-06-10 13:20: Horizon 04, MAE: 1.51, RMSE: 3.30, MAPE: 3.3390%
2026-06-10 13:20: Horizon 05, MAE: 1.62, RMSE: 3.63, MAPE: 3.6352%
2026-06-10 13:20: Horizon 06, MAE: 1.70, RMSE: 3.87, MAPE: 3.8627%
2026-06-10 13:20: Horizon 07, MAE: 1.76, RMSE: 4.05, MAPE: 4.0581%
2026-06-10 13:20: Horizon 08, MAE: 1.82, RMSE: 4.18, MAPE: 4.2307%
2026-06-10 13:20: Horizon 09, MAE: 1.86, RMSE: 4.29, MAPE: 4.3506%
2026-06-10 13:20: Horizon 10, MAE: 1.90, RMSE: 4.39, MAPE: 4.4641%
2026-06-10 13:20: Horizon 11, MAE: 1.93, RMSE: 4.48, MAPE: 4.5388%
2026-06-10 13:20: Horizon 12, MAE: 1.97, RMSE: 4.57, MAPE: 4.6373%
2026-06-10 13:20: Average Horizon, MAE: 1.63, RMSE: 3.75, MAPE: 3.7094%
C:\Documents\thesis\code\Traffic-Benchmark_Fork\methods\AGCRN
*****************Model Parameter*****************
node_embeddings torch.Size([325, 10]) True
encoder.dcrnn_cells.0.gate.weights_pool torch.Size([10, 2, 66, 128]) True
encoder.dcrnn_cells.0.gate.bias_pool torch.Size([10, 128]) True
encoder.dcrnn_cells.0.update.weights_pool torch.Size([10, 2, 66, 64]) True
encoder.dcrnn_cells.0.update.bias_pool torch.Size([10, 64]) True
encoder.dcrnn_cells.1.gate.weights_pool torch.Size([10, 2, 128, 128]) True
encoder.dcrnn_cells.1.gate.bias_pool torch.Size([10, 128]) True
encoder.dcrnn_cells.1.update.weights_pool torch.Size([10, 2, 128, 64]) True
encoder.dcrnn_cells.1.update.bias_pool torch.Size([10, 64]) True
end_conv.weight torch.Size([12, 1, 1, 64]) True
end_conv.bias torch.Size([12]) True
Total params num: 752830
*****************Finish Parameter****************
Train:  (36465, 12, 325, 2) (36465, 12, 325, 2)
Val:  (5209, 12, 325, 2) (5209, 12, 325, 2)
Test:  (10419, 12, 325, 2) (10419, 12, 325, 2)
Creat Log File in:  C:\Documents\thesis\code\Traffic-Benchmark_Fork\methods\AGCRN\model\experiments\PEMS-BAY\20260610121106\run.log
=== Run 2 (seed 12) ===
python.exe : 2026-06-10 13:20: Experiment log path in: C:\Documents\thesis\code\Traffic-Benchmark_Fork\methods\AGCRN\mo
del\experiments\PEMS-BAY\20260610132039
At C:\Documents\thesis\code\Traffic-Benchmark_Fork\run_agcrn_pems_bay.ps1:23 char:5
+     & $python methods/AGCRN/model/Run_PEMS-BAY.py --device cuda:0 --s ...
+     ~~~~~~~~~~~~~~~~~~~~~~~~~~~~~~~~~~~~~~~~~~~~~~~~~~~~~~~~~~~~~~~~~
    + CategoryInfo          : NotSpecified: (2026-06-10 13:2...\20260610132039:String) [], RemoteException
    + FullyQualifiedErrorId : NativeCommandError
 
2026-06-10 13:20: Train Epoch 1: 0/569 Loss: 5.027754
2026-06-10 13:20: Train Epoch 1: 20/569 Loss: 5.225630
2026-06-10 13:20: Train Epoch 1: 40/569 Loss: 3.168400
2026-06-10 13:20: Train Epoch 1: 60/569 Loss: 2.251526
2026-06-10 13:20: Train Epoch 1: 80/569 Loss: 2.113572
2026-06-10 13:20: Train Epoch 1: 100/569 Loss: 1.976440
2026-06-10 13:21: Train Epoch 1: 120/569 Loss: 2.492331
2026-06-10 13:21: Train Epoch 1: 140/569 Loss: 2.110789
2026-06-10 13:21: Train Epoch 1: 160/569 Loss: 1.901772
2026-06-10 13:21: Train Epoch 1: 180/569 Loss: 2.023537
2026-06-10 13:21: Train Epoch 1: 200/569 Loss: 1.865962
2026-06-10 13:21: Train Epoch 1: 220/569 Loss: 1.914052
2026-06-10 13:21: Train Epoch 1: 240/569 Loss: 2.051795
2026-06-10 13:21: Train Epoch 1: 260/569 Loss: 2.139148
2026-06-10 13:21: Train Epoch 1: 280/569 Loss: 1.834844
2026-06-10 13:21: Train Epoch 1: 300/569 Loss: 1.909060
2026-06-10 13:21: Train Epoch 1: 320/569 Loss: 1.966574
2026-06-10 13:21: Train Epoch 1: 340/569 Loss: 1.856109
2026-06-10 13:21: Train Epoch 1: 360/569 Loss: 2.042378
2026-06-10 13:21: Train Epoch 1: 380/569 Loss: 1.913079
2026-06-10 13:21: Train Epoch 1: 400/569 Loss: 1.933947
2026-06-10 13:21: Train Epoch 1: 420/569 Loss: 1.783036
2026-06-10 13:21: Train Epoch 1: 440/569 Loss: 1.694458
2026-06-10 13:22: Train Epoch 1: 460/569 Loss: 2.034534
2026-06-10 13:22: Train Epoch 1: 480/569 Loss: 1.873244
2026-06-10 13:22: Train Epoch 1: 500/569 Loss: 1.566486
2026-06-10 13:22: Train Epoch 1: 520/569 Loss: 1.906654
2026-06-10 13:22: Train Epoch 1: 540/569 Loss: 1.781897
2026-06-10 13:22: Train Epoch 1: 560/569 Loss: 1.862344
2026-06-10 13:22: **********Train Epoch 1: averaged Loss: 2.152314, tf_ratio: 1.000000
2026-06-10 13:22: **********Val Epoch 1: average Loss: 2.024105
2026-06-10 13:22: *********************************Current best model saved!
2026-06-10 13:22: Train Epoch 2: 0/569 Loss: 1.823393
2026-06-10 13:22: Train Epoch 2: 20/569 Loss: 1.651048
2026-06-10 13:22: Train Epoch 2: 40/569 Loss: 1.856878
2026-06-10 13:22: Train Epoch 2: 60/569 Loss: 2.025241
2026-06-10 13:22: Train Epoch 2: 80/569 Loss: 1.749003
2026-06-10 13:22: Train Epoch 2: 100/569 Loss: 1.653013
2026-06-10 13:22: Train Epoch 2: 120/569 Loss: 1.718156
2026-06-10 13:22: Train Epoch 2: 140/569 Loss: 1.990597
2026-06-10 13:22: Train Epoch 2: 160/569 Loss: 1.352637
2026-06-10 13:22: Train Epoch 2: 180/569 Loss: 2.009982
2026-06-10 13:23: Train Epoch 2: 200/569 Loss: 1.656757
2026-06-10 13:23: Train Epoch 2: 220/569 Loss: 1.794803
2026-06-10 13:23: Train Epoch 2: 240/569 Loss: 1.967556
2026-06-10 13:23: Train Epoch 2: 260/569 Loss: 1.851819
2026-06-10 13:23: Train Epoch 2: 280/569 Loss: 1.924115
2026-06-10 13:23: Train Epoch 2: 300/569 Loss: 1.676303
2026-06-10 13:23: Train Epoch 2: 320/569 Loss: 1.845675
2026-06-10 13:23: Train Epoch 2: 340/569 Loss: 1.500243
2026-06-10 13:23: Train Epoch 2: 360/569 Loss: 1.675845
2026-06-10 13:23: Train Epoch 2: 380/569 Loss: 2.016963
2026-06-10 13:23: Train Epoch 2: 400/569 Loss: 1.721499
2026-06-10 13:23: Train Epoch 2: 420/569 Loss: 1.615416
2026-06-10 13:23: Train Epoch 2: 440/569 Loss: 1.795396
2026-06-10 13:23: Train Epoch 2: 460/569 Loss: 1.469090
2026-06-10 13:23: Train Epoch 2: 480/569 Loss: 1.721278
2026-06-10 13:23: Train Epoch 2: 500/569 Loss: 1.558246
2026-06-10 13:23: Train Epoch 2: 520/569 Loss: 1.736889
2026-06-10 13:23: Train Epoch 2: 540/569 Loss: 1.650057
2026-06-10 13:24: Train Epoch 2: 560/569 Loss: 1.694211
2026-06-10 13:24: **********Train Epoch 2: averaged Loss: 1.733543, tf_ratio: 1.000000
2026-06-10 13:24: **********Val Epoch 2: average Loss: 1.799968
2026-06-10 13:24: *********************************Current best model saved!
2026-06-10 13:24: Train Epoch 3: 0/569 Loss: 1.498016
2026-06-10 13:24: Train Epoch 3: 20/569 Loss: 1.413736
2026-06-10 13:24: Train Epoch 3: 40/569 Loss: 1.860216
2026-06-10 13:24: Train Epoch 3: 60/569 Loss: 1.854100
2026-06-10 13:24: Train Epoch 3: 80/569 Loss: 1.553400
2026-06-10 13:24: Train Epoch 3: 100/569 Loss: 1.654356
2026-06-10 13:24: Train Epoch 3: 120/569 Loss: 1.678523
2026-06-10 13:24: Train Epoch 3: 140/569 Loss: 1.791903
2026-06-10 13:24: Train Epoch 3: 160/569 Loss: 1.776792
2026-06-10 13:24: Train Epoch 3: 180/569 Loss: 1.491862
2026-06-10 13:24: Train Epoch 3: 200/569 Loss: 1.547672
2026-06-10 13:24: Train Epoch 3: 220/569 Loss: 1.560663
2026-06-10 13:24: Train Epoch 3: 240/569 Loss: 1.579616
2026-06-10 13:24: Train Epoch 3: 260/569 Loss: 1.861312
2026-06-10 13:24: Train Epoch 3: 280/569 Loss: 1.655829
2026-06-10 13:25: Train Epoch 3: 300/569 Loss: 1.608723
2026-06-10 13:25: Train Epoch 3: 320/569 Loss: 1.729725
2026-06-10 13:25: Train Epoch 3: 340/569 Loss: 1.645783
2026-06-10 13:25: Train Epoch 3: 360/569 Loss: 1.560976
2026-06-10 13:25: Train Epoch 3: 380/569 Loss: 1.558265
2026-06-10 13:25: Train Epoch 3: 400/569 Loss: 1.593674
2026-06-10 13:25: Train Epoch 3: 420/569 Loss: 1.657282
2026-06-10 13:25: Train Epoch 3: 440/569 Loss: 1.596211
2026-06-10 13:25: Train Epoch 3: 460/569 Loss: 1.638815
2026-06-10 13:25: Train Epoch 3: 480/569 Loss: 1.426612
2026-06-10 13:25: Train Epoch 3: 500/569 Loss: 1.632754
2026-06-10 13:25: Train Epoch 3: 520/569 Loss: 1.645133
2026-06-10 13:25: Train Epoch 3: 540/569 Loss: 1.566030
2026-06-10 13:25: Train Epoch 3: 560/569 Loss: 1.661445
2026-06-10 13:25: **********Train Epoch 3: averaged Loss: 1.618683, tf_ratio: 1.000000
2026-06-10 13:25: **********Val Epoch 3: average Loss: 1.746215
2026-06-10 13:25: *********************************Current best model saved!
2026-06-10 13:25: Train Epoch 4: 0/569 Loss: 1.460407
2026-06-10 13:25: Train Epoch 4: 20/569 Loss: 1.473613
2026-06-10 13:26: Train Epoch 4: 40/569 Loss: 1.461543
2026-06-10 13:26: Train Epoch 4: 60/569 Loss: 1.633359
2026-06-10 13:26: Train Epoch 4: 80/569 Loss: 1.585145
2026-06-10 13:26: Train Epoch 4: 100/569 Loss: 1.376578
2026-06-10 13:26: Train Epoch 4: 120/569 Loss: 1.580438
2026-06-10 13:26: Train Epoch 4: 140/569 Loss: 1.277666
2026-06-10 13:26: Train Epoch 4: 160/569 Loss: 1.502514
2026-06-10 13:26: Train Epoch 4: 180/569 Loss: 1.605870
2026-06-10 13:26: Train Epoch 4: 200/569 Loss: 1.532833
2026-06-10 13:26: Train Epoch 4: 220/569 Loss: 1.656616
2026-06-10 13:26: Train Epoch 4: 240/569 Loss: 1.603731
2026-06-10 13:26: Train Epoch 4: 260/569 Loss: 1.744097
2026-06-10 13:26: Train Epoch 4: 280/569 Loss: 1.635020
2026-06-10 13:26: Train Epoch 4: 300/569 Loss: 1.551102
2026-06-10 13:26: Train Epoch 4: 320/569 Loss: 1.606272
2026-06-10 13:26: Train Epoch 4: 340/569 Loss: 1.476088
2026-06-10 13:26: Train Epoch 4: 360/569 Loss: 1.721664
2026-06-10 13:26: Train Epoch 4: 380/569 Loss: 1.317817
2026-06-10 13:27: Train Epoch 4: 400/569 Loss: 1.613251
2026-06-10 13:27: Train Epoch 4: 420/569 Loss: 1.432635
2026-06-10 13:27: Train Epoch 4: 440/569 Loss: 1.502234
2026-06-10 13:27: Train Epoch 4: 460/569 Loss: 1.717306
2026-06-10 13:27: Train Epoch 4: 480/569 Loss: 1.444217
2026-06-10 13:27: Train Epoch 4: 500/569 Loss: 1.315354
2026-06-10 13:27: Train Epoch 4: 520/569 Loss: 1.350687
2026-06-10 13:27: Train Epoch 4: 540/569 Loss: 1.642998
2026-06-10 13:27: Train Epoch 4: 560/569 Loss: 1.512889
2026-06-10 13:27: **********Train Epoch 4: averaged Loss: 1.568489, tf_ratio: 1.000000
2026-06-10 13:27: **********Val Epoch 4: average Loss: 1.691484
2026-06-10 13:27: *********************************Current best model saved!
2026-06-10 13:27: Train Epoch 5: 0/569 Loss: 1.577130
2026-06-10 13:27: Train Epoch 5: 20/569 Loss: 1.479841
2026-06-10 13:27: Train Epoch 5: 40/569 Loss: 1.606336
2026-06-10 13:27: Train Epoch 5: 60/569 Loss: 1.420055
2026-06-10 13:27: Train Epoch 5: 80/569 Loss: 1.478606
2026-06-10 13:27: Train Epoch 5: 100/569 Loss: 1.633857
2026-06-10 13:27: Train Epoch 5: 120/569 Loss: 1.491707
2026-06-10 13:28: Train Epoch 5: 140/569 Loss: 1.503153
2026-06-10 13:28: Train Epoch 5: 160/569 Loss: 1.438597
2026-06-10 13:28: Train Epoch 5: 180/569 Loss: 1.473917
2026-06-10 13:28: Train Epoch 5: 200/569 Loss: 1.451166
2026-06-10 13:28: Train Epoch 5: 220/569 Loss: 1.534659
2026-06-10 13:28: Train Epoch 5: 240/569 Loss: 1.477437
2026-06-10 13:28: Train Epoch 5: 260/569 Loss: 1.384521
2026-06-10 13:28: Train Epoch 5: 280/569 Loss: 1.458671
2026-06-10 13:28: Train Epoch 5: 300/569 Loss: 1.673721
2026-06-10 13:28: Train Epoch 5: 320/569 Loss: 1.560824
2026-06-10 13:28: Train Epoch 5: 340/569 Loss: 1.637523
2026-06-10 13:28: Train Epoch 5: 360/569 Loss: 1.480021
2026-06-10 13:28: Train Epoch 5: 380/569 Loss: 1.438214
2026-06-10 13:28: Train Epoch 5: 400/569 Loss: 1.536547
2026-06-10 13:28: Train Epoch 5: 420/569 Loss: 1.345137
2026-06-10 13:28: Train Epoch 5: 440/569 Loss: 1.590259
2026-06-10 13:28: Train Epoch 5: 460/569 Loss: 1.574052
2026-06-10 13:29: Train Epoch 5: 480/569 Loss: 1.526566
2026-06-10 13:29: Train Epoch 5: 500/569 Loss: 1.328584
2026-06-10 13:29: Train Epoch 5: 520/569 Loss: 1.546828
2026-06-10 13:29: Train Epoch 5: 540/569 Loss: 1.752962
2026-06-10 13:29: Train Epoch 5: 560/569 Loss: 1.656509
2026-06-10 13:29: **********Train Epoch 5: averaged Loss: 1.531750, tf_ratio: 1.000000
2026-06-10 13:29: **********Val Epoch 5: average Loss: 1.659547
2026-06-10 13:29: *********************************Current best model saved!
2026-06-10 13:29: Train Epoch 6: 0/569 Loss: 1.467825
2026-06-10 13:29: Train Epoch 6: 20/569 Loss: 1.611431
2026-06-10 13:29: Train Epoch 6: 40/569 Loss: 1.510687
2026-06-10 13:29: Train Epoch 6: 60/569 Loss: 1.371021
2026-06-10 13:29: Train Epoch 6: 80/569 Loss: 1.541935
2026-06-10 13:29: Train Epoch 6: 100/569 Loss: 1.625518
2026-06-10 13:29: Train Epoch 6: 120/569 Loss: 1.511935
2026-06-10 13:29: Train Epoch 6: 140/569 Loss: 1.549123
2026-06-10 13:29: Train Epoch 6: 160/569 Loss: 1.593979
2026-06-10 13:29: Train Epoch 6: 180/569 Loss: 1.513692
2026-06-10 13:29: Train Epoch 6: 200/569 Loss: 1.508094
2026-06-10 13:29: Train Epoch 6: 220/569 Loss: 1.533444
2026-06-10 13:30: Train Epoch 6: 240/569 Loss: 1.625767
2026-06-10 13:30: Train Epoch 6: 260/569 Loss: 1.423449
2026-06-10 13:30: Train Epoch 6: 280/569 Loss: 1.596078
2026-06-10 13:30: Train Epoch 6: 300/569 Loss: 1.582262
2026-06-10 13:30: Train Epoch 6: 320/569 Loss: 1.302186
2026-06-10 13:30: Train Epoch 6: 340/569 Loss: 1.634270
2026-06-10 13:30: Train Epoch 6: 360/569 Loss: 1.518701
2026-06-10 13:30: Train Epoch 6: 380/569 Loss: 1.398773
2026-06-10 13:30: Train Epoch 6: 400/569 Loss: 1.618586
2026-06-10 13:30: Train Epoch 6: 420/569 Loss: 1.387177
2026-06-10 13:30: Train Epoch 6: 440/569 Loss: 1.434545
2026-06-10 13:30: Train Epoch 6: 460/569 Loss: 1.559181
2026-06-10 13:30: Train Epoch 6: 480/569 Loss: 1.540062
2026-06-10 13:30: Train Epoch 6: 500/569 Loss: 1.647019
2026-06-10 13:30: Train Epoch 6: 520/569 Loss: 1.681468
2026-06-10 13:30: Train Epoch 6: 540/569 Loss: 1.624977
2026-06-10 13:30: Train Epoch 6: 560/569 Loss: 1.268932
2026-06-10 13:30: **********Train Epoch 6: averaged Loss: 1.506473, tf_ratio: 1.000000
2026-06-10 13:31: **********Val Epoch 6: average Loss: 1.643602
2026-06-10 13:31: *********************************Current best model saved!
2026-06-10 13:31: Train Epoch 7: 0/569 Loss: 1.647850
2026-06-10 13:31: Train Epoch 7: 20/569 Loss: 1.487187
2026-06-10 13:31: Train Epoch 7: 40/569 Loss: 1.490514
2026-06-10 13:31: Train Epoch 7: 60/569 Loss: 1.614327
2026-06-10 13:31: Train Epoch 7: 80/569 Loss: 1.477091
2026-06-10 13:31: Train Epoch 7: 100/569 Loss: 1.430168
2026-06-10 13:31: Train Epoch 7: 120/569 Loss: 1.671462
2026-06-10 13:31: Train Epoch 7: 140/569 Loss: 1.561482
2026-06-10 13:31: Train Epoch 7: 160/569 Loss: 1.532017
2026-06-10 13:31: Train Epoch 7: 180/569 Loss: 1.390414
2026-06-10 13:31: Train Epoch 7: 200/569 Loss: 1.545782
2026-06-10 13:31: Train Epoch 7: 220/569 Loss: 1.556160
2026-06-10 13:31: Train Epoch 7: 240/569 Loss: 1.601334
2026-06-10 13:31: Train Epoch 7: 260/569 Loss: 1.541759
2026-06-10 13:31: Train Epoch 7: 280/569 Loss: 1.520609
2026-06-10 13:31: Train Epoch 7: 300/569 Loss: 1.243064
2026-06-10 13:32: Train Epoch 7: 320/569 Loss: 1.365853
2026-06-10 13:32: Train Epoch 7: 340/569 Loss: 1.432168
2026-06-10 13:32: Train Epoch 7: 360/569 Loss: 1.673959
2026-06-10 13:32: Train Epoch 7: 380/569 Loss: 1.472884
2026-06-10 13:32: Train Epoch 7: 400/569 Loss: 1.577583
2026-06-10 13:32: Train Epoch 7: 420/569 Loss: 1.534289
2026-06-10 13:32: Train Epoch 7: 440/569 Loss: 1.323017
2026-06-10 13:32: Train Epoch 7: 460/569 Loss: 1.455871
2026-06-10 13:32: Train Epoch 7: 480/569 Loss: 1.756493
2026-06-10 13:32: Train Epoch 7: 500/569 Loss: 1.414806
2026-06-10 13:32: Train Epoch 7: 520/569 Loss: 1.853998
2026-06-10 13:32: Train Epoch 7: 540/569 Loss: 1.400256
2026-06-10 13:32: Train Epoch 7: 560/569 Loss: 1.556204
2026-06-10 13:32: **********Train Epoch 7: averaged Loss: 1.484123, tf_ratio: 1.000000
2026-06-10 13:32: **********Val Epoch 7: average Loss: 1.642469
2026-06-10 13:32: *********************************Current best model saved!
2026-06-10 13:32: Train Epoch 8: 0/569 Loss: 1.356932
2026-06-10 13:32: Train Epoch 8: 20/569 Loss: 1.440747
2026-06-10 13:32: Train Epoch 8: 40/569 Loss: 1.527618
2026-06-10 13:32: Train Epoch 8: 60/569 Loss: 1.470635
2026-06-10 13:33: Train Epoch 8: 80/569 Loss: 1.500132
2026-06-10 13:33: Train Epoch 8: 100/569 Loss: 1.460744
2026-06-10 13:33: Train Epoch 8: 120/569 Loss: 1.482255
2026-06-10 13:33: Train Epoch 8: 140/569 Loss: 1.498199
2026-06-10 13:33: Train Epoch 8: 160/569 Loss: 1.505672
2026-06-10 13:33: Train Epoch 8: 180/569 Loss: 1.454469
2026-06-10 13:33: Train Epoch 8: 200/569 Loss: 1.633668
2026-06-10 13:33: Train Epoch 8: 220/569 Loss: 1.674395
2026-06-10 13:33: Train Epoch 8: 240/569 Loss: 1.385435
2026-06-10 13:33: Train Epoch 8: 260/569 Loss: 1.422719
2026-06-10 13:33: Train Epoch 8: 280/569 Loss: 1.577753
2026-06-10 13:33: Train Epoch 8: 300/569 Loss: 1.338665
2026-06-10 13:33: Train Epoch 8: 320/569 Loss: 1.502270
2026-06-10 13:33: Train Epoch 8: 340/569 Loss: 1.450486
2026-06-10 13:33: Train Epoch 8: 360/569 Loss: 1.398034
2026-06-10 13:33: Train Epoch 8: 380/569 Loss: 1.535007
2026-06-10 13:33: Train Epoch 8: 400/569 Loss: 1.301337
2026-06-10 13:34: Train Epoch 8: 420/569 Loss: 1.472187
2026-06-10 13:34: Train Epoch 8: 440/569 Loss: 1.390515
2026-06-10 13:34: Train Epoch 8: 460/569 Loss: 1.433657
2026-06-10 13:34: Train Epoch 8: 480/569 Loss: 1.443862
2026-06-10 13:34: Train Epoch 8: 500/569 Loss: 1.466710
2026-06-10 13:34: Train Epoch 8: 520/569 Loss: 1.594870
2026-06-10 13:34: Train Epoch 8: 540/569 Loss: 1.630487
2026-06-10 13:34: Train Epoch 8: 560/569 Loss: 1.603776
2026-06-10 13:34: **********Train Epoch 8: averaged Loss: 1.466217, tf_ratio: 1.000000
2026-06-10 13:34: **********Val Epoch 8: average Loss: 1.624637
2026-06-10 13:34: *********************************Current best model saved!
2026-06-10 13:34: Train Epoch 9: 0/569 Loss: 1.519136
2026-06-10 13:34: Train Epoch 9: 20/569 Loss: 1.538462
2026-06-10 13:34: Train Epoch 9: 40/569 Loss: 1.433122
2026-06-10 13:34: Train Epoch 9: 60/569 Loss: 1.583109
2026-06-10 13:34: Train Epoch 9: 80/569 Loss: 1.503983
2026-06-10 13:34: Train Epoch 9: 100/569 Loss: 1.350912
2026-06-10 13:34: Train Epoch 9: 120/569 Loss: 1.583145
2026-06-10 13:34: Train Epoch 9: 140/569 Loss: 1.452054
2026-06-10 13:34: Train Epoch 9: 160/569 Loss: 1.499546
2026-06-10 13:35: Train Epoch 9: 180/569 Loss: 1.429103
2026-06-10 13:35: Train Epoch 9: 200/569 Loss: 1.388441
2026-06-10 13:35: Train Epoch 9: 220/569 Loss: 1.432508
2026-06-10 13:35: Train Epoch 9: 240/569 Loss: 1.462218
2026-06-10 13:35: Train Epoch 9: 260/569 Loss: 1.251060
2026-06-10 13:35: Train Epoch 9: 280/569 Loss: 1.275248
2026-06-10 13:35: Train Epoch 9: 300/569 Loss: 1.360635
2026-06-10 13:35: Train Epoch 9: 320/569 Loss: 1.415148
2026-06-10 13:35: Train Epoch 9: 340/569 Loss: 1.325920
2026-06-10 13:35: Train Epoch 9: 360/569 Loss: 1.539881
2026-06-10 13:35: Train Epoch 9: 380/569 Loss: 1.315470
2026-06-10 13:35: Train Epoch 9: 400/569 Loss: 1.446595
2026-06-10 13:35: Train Epoch 9: 420/569 Loss: 1.383997
2026-06-10 13:35: Train Epoch 9: 440/569 Loss: 1.340518
2026-06-10 13:35: Train Epoch 9: 460/569 Loss: 1.715133
2026-06-10 13:35: Train Epoch 9: 480/569 Loss: 1.391615
2026-06-10 13:35: Train Epoch 9: 500/569 Loss: 1.329189
2026-06-10 13:36: Train Epoch 9: 520/569 Loss: 1.461628
2026-06-10 13:36: Train Epoch 9: 540/569 Loss: 1.503611
2026-06-10 13:36: Train Epoch 9: 560/569 Loss: 1.363758
2026-06-10 13:36: **********Train Epoch 9: averaged Loss: 1.447701, tf_ratio: 1.000000
2026-06-10 13:36: **********Val Epoch 9: average Loss: 1.624890
2026-06-10 13:36: Train Epoch 10: 0/569 Loss: 1.414884
2026-06-10 13:36: Train Epoch 10: 20/569 Loss: 1.533090
2026-06-10 13:36: Train Epoch 10: 40/569 Loss: 1.334056
2026-06-10 13:36: Train Epoch 10: 60/569 Loss: 1.494227
2026-06-10 13:36: Train Epoch 10: 80/569 Loss: 1.433850
2026-06-10 13:36: Train Epoch 10: 100/569 Loss: 1.456006
2026-06-10 13:36: Train Epoch 10: 120/569 Loss: 1.373045
2026-06-10 13:36: Train Epoch 10: 140/569 Loss: 1.497814
2026-06-10 13:36: Train Epoch 10: 160/569 Loss: 1.347322
2026-06-10 13:36: Train Epoch 10: 180/569 Loss: 1.451660
2026-06-10 13:36: Train Epoch 10: 200/569 Loss: 1.252951
2026-06-10 13:36: Train Epoch 10: 220/569 Loss: 1.355090
2026-06-10 13:36: Train Epoch 10: 240/569 Loss: 1.356444
2026-06-10 13:37: Train Epoch 10: 260/569 Loss: 1.473074
2026-06-10 13:37: Train Epoch 10: 280/569 Loss: 1.700043
2026-06-10 13:37: Train Epoch 10: 300/569 Loss: 1.675374
2026-06-10 13:37: Train Epoch 10: 320/569 Loss: 1.670120
2026-06-10 13:37: Train Epoch 10: 340/569 Loss: 1.299823
2026-06-10 13:37: Train Epoch 10: 360/569 Loss: 1.479965
2026-06-10 13:37: Train Epoch 10: 380/569 Loss: 1.514538
2026-06-10 13:37: Train Epoch 10: 400/569 Loss: 1.436629
2026-06-10 13:37: Train Epoch 10: 420/569 Loss: 1.493991
2026-06-10 13:37: Train Epoch 10: 440/569 Loss: 1.439960
2026-06-10 13:37: Train Epoch 10: 460/569 Loss: 1.612103
2026-06-10 13:37: Train Epoch 10: 480/569 Loss: 1.505851
2026-06-10 13:37: Train Epoch 10: 500/569 Loss: 1.562021
2026-06-10 13:37: Train Epoch 10: 520/569 Loss: 1.632571
2026-06-10 13:37: Train Epoch 10: 540/569 Loss: 1.429053
2026-06-10 13:37: Train Epoch 10: 560/569 Loss: 1.463110
2026-06-10 13:37: **********Train Epoch 10: averaged Loss: 1.434577, tf_ratio: 1.000000
2026-06-10 13:37: **********Val Epoch 10: average Loss: 1.608748
2026-06-10 13:37: *********************************Current best model saved!
2026-06-10 13:37: Train Epoch 11: 0/569 Loss: 1.530458
2026-06-10 13:38: Train Epoch 11: 20/569 Loss: 1.484884
2026-06-10 13:38: Train Epoch 11: 40/569 Loss: 1.357138
2026-06-10 13:38: Train Epoch 11: 60/569 Loss: 1.283829
2026-06-10 13:38: Train Epoch 11: 80/569 Loss: 1.450036
2026-06-10 13:38: Train Epoch 11: 100/569 Loss: 1.315592
2026-06-10 13:38: Train Epoch 11: 120/569 Loss: 1.453417
2026-06-10 13:38: Train Epoch 11: 140/569 Loss: 1.418366
2026-06-10 13:38: Train Epoch 11: 160/569 Loss: 1.326794
2026-06-10 13:38: Train Epoch 11: 180/569 Loss: 1.453508
2026-06-10 13:38: Train Epoch 11: 200/569 Loss: 1.341068
2026-06-10 13:38: Train Epoch 11: 220/569 Loss: 1.451929
2026-06-10 13:38: Train Epoch 11: 240/569 Loss: 1.513632
2026-06-10 13:38: Train Epoch 11: 260/569 Loss: 1.364029
2026-06-10 13:38: Train Epoch 11: 280/569 Loss: 1.339986
2026-06-10 13:38: Train Epoch 11: 300/569 Loss: 1.487411
2026-06-10 13:38: Train Epoch 11: 320/569 Loss: 1.402447
2026-06-10 13:38: Train Epoch 11: 340/569 Loss: 1.532995
2026-06-10 13:39: Train Epoch 11: 360/569 Loss: 1.663615
2026-06-10 13:39: Train Epoch 11: 380/569 Loss: 1.465398
2026-06-10 13:39: Train Epoch 11: 400/569 Loss: 1.450859
2026-06-10 13:39: Train Epoch 11: 420/569 Loss: 1.517071
2026-06-10 13:39: Train Epoch 11: 440/569 Loss: 1.428585
2026-06-10 13:39: Train Epoch 11: 460/569 Loss: 1.381493
2026-06-10 13:39: Train Epoch 11: 480/569 Loss: 1.450922
2026-06-10 13:39: Train Epoch 11: 500/569 Loss: 1.392848
2026-06-10 13:39: Train Epoch 11: 520/569 Loss: 1.417934
2026-06-10 13:39: Train Epoch 11: 540/569 Loss: 1.406887
2026-06-10 13:39: Train Epoch 11: 560/569 Loss: 1.243779
2026-06-10 13:39: **********Train Epoch 11: averaged Loss: 1.418855, tf_ratio: 1.000000
2026-06-10 13:39: **********Val Epoch 11: average Loss: 1.616418
2026-06-10 13:39: Train Epoch 12: 0/569 Loss: 1.360116
2026-06-10 13:39: Train Epoch 12: 20/569 Loss: 1.461040
2026-06-10 13:39: Train Epoch 12: 40/569 Loss: 1.258204
2026-06-10 13:39: Train Epoch 12: 60/569 Loss: 1.552621
2026-06-10 13:39: Train Epoch 12: 80/569 Loss: 1.365504
2026-06-10 13:40: Train Epoch 12: 100/569 Loss: 1.248692
2026-06-10 13:40: Train Epoch 12: 120/569 Loss: 1.523367
2026-06-10 13:40: Train Epoch 12: 140/569 Loss: 1.545737
2026-06-10 13:40: Train Epoch 12: 160/569 Loss: 1.489660
2026-06-10 13:40: Train Epoch 12: 180/569 Loss: 1.402816
2026-06-10 13:40: Train Epoch 12: 200/569 Loss: 1.286249
2026-06-10 13:40: Train Epoch 12: 220/569 Loss: 1.408030
2026-06-10 13:40: Train Epoch 12: 240/569 Loss: 1.396371
2026-06-10 13:40: Train Epoch 12: 260/569 Loss: 1.335645
2026-06-10 13:40: Train Epoch 12: 280/569 Loss: 1.496930
2026-06-10 13:40: Train Epoch 12: 300/569 Loss: 1.261269
2026-06-10 13:40: Train Epoch 12: 320/569 Loss: 1.178005
2026-06-10 13:40: Train Epoch 12: 340/569 Loss: 1.372506
2026-06-10 13:40: Train Epoch 12: 360/569 Loss: 1.391752
2026-06-10 13:40: Train Epoch 12: 380/569 Loss: 1.272188
2026-06-10 13:40: Train Epoch 12: 400/569 Loss: 1.245272
2026-06-10 13:40: Train Epoch 12: 420/569 Loss: 1.527707
2026-06-10 13:40: Train Epoch 12: 440/569 Loss: 1.627588
2026-06-10 13:41: Train Epoch 12: 460/569 Loss: 1.370256
2026-06-10 13:41: Train Epoch 12: 480/569 Loss: 1.446812
2026-06-10 13:41: Train Epoch 12: 500/569 Loss: 1.414665
2026-06-10 13:41: Train Epoch 12: 520/569 Loss: 1.626169
2026-06-10 13:41: Train Epoch 12: 540/569 Loss: 1.231150
2026-06-10 13:41: Train Epoch 12: 560/569 Loss: 1.509190
2026-06-10 13:41: **********Train Epoch 12: averaged Loss: 1.404316, tf_ratio: 1.000000
2026-06-10 13:41: **********Val Epoch 12: average Loss: 1.602530
2026-06-10 13:41: *********************************Current best model saved!
2026-06-10 13:41: Train Epoch 13: 0/569 Loss: 1.333701
2026-06-10 13:41: Train Epoch 13: 20/569 Loss: 1.172469
2026-06-10 13:41: Train Epoch 13: 40/569 Loss: 1.531347
2026-06-10 13:41: Train Epoch 13: 60/569 Loss: 1.357693
2026-06-10 13:41: Train Epoch 13: 80/569 Loss: 1.297321
2026-06-10 13:41: Train Epoch 13: 100/569 Loss: 1.617783
2026-06-10 13:41: Train Epoch 13: 120/569 Loss: 1.386632
2026-06-10 13:41: Train Epoch 13: 140/569 Loss: 1.154122
2026-06-10 13:41: Train Epoch 13: 160/569 Loss: 1.386412
2026-06-10 13:41: Train Epoch 13: 180/569 Loss: 1.310333
2026-06-10 13:42: Train Epoch 13: 200/569 Loss: 1.486053
2026-06-10 13:42: Train Epoch 13: 220/569 Loss: 1.366577
2026-06-10 13:42: Train Epoch 13: 240/569 Loss: 1.228147
2026-06-10 13:42: Train Epoch 13: 260/569 Loss: 1.401466
2026-06-10 13:42: Train Epoch 13: 280/569 Loss: 1.298644
2026-06-10 13:42: Train Epoch 13: 300/569 Loss: 1.415160
2026-06-10 13:42: Train Epoch 13: 320/569 Loss: 1.442846
2026-06-10 13:42: Train Epoch 13: 340/569 Loss: 1.304185
2026-06-10 13:42: Train Epoch 13: 360/569 Loss: 1.423042
2026-06-10 13:42: Train Epoch 13: 380/569 Loss: 1.465141
2026-06-10 13:42: Train Epoch 13: 400/569 Loss: 1.288490
2026-06-10 13:42: Train Epoch 13: 420/569 Loss: 1.378027
2026-06-10 13:42: Train Epoch 13: 440/569 Loss: 1.306369
2026-06-10 13:42: Train Epoch 13: 460/569 Loss: 1.601478
2026-06-10 13:42: Train Epoch 13: 480/569 Loss: 1.395018
2026-06-10 13:42: Train Epoch 13: 500/569 Loss: 1.434106
2026-06-10 13:42: Train Epoch 13: 520/569 Loss: 1.429560
2026-06-10 13:43: Train Epoch 13: 540/569 Loss: 1.331564
2026-06-10 13:43: Train Epoch 13: 560/569 Loss: 1.359045
2026-06-10 13:43: **********Train Epoch 13: averaged Loss: 1.392656, tf_ratio: 1.000000
2026-06-10 13:43: **********Val Epoch 13: average Loss: 1.604772
2026-06-10 13:43: Train Epoch 14: 0/569 Loss: 1.530060
2026-06-10 13:43: Train Epoch 14: 20/569 Loss: 1.418685
2026-06-10 13:43: Train Epoch 14: 40/569 Loss: 1.336677
2026-06-10 13:43: Train Epoch 14: 60/569 Loss: 1.512628
2026-06-10 13:43: Train Epoch 14: 80/569 Loss: 1.546532
2026-06-10 13:43: Train Epoch 14: 100/569 Loss: 1.529549
2026-06-10 13:43: Train Epoch 14: 120/569 Loss: 1.370000
2026-06-10 13:43: Train Epoch 14: 140/569 Loss: 1.244396
2026-06-10 13:43: Train Epoch 14: 160/569 Loss: 1.482561
2026-06-10 13:43: Train Epoch 14: 180/569 Loss: 1.372205
2026-06-10 13:43: Train Epoch 14: 200/569 Loss: 1.332021
2026-06-10 13:43: Train Epoch 14: 220/569 Loss: 1.416887
2026-06-10 13:43: Train Epoch 14: 240/569 Loss: 1.400142
2026-06-10 13:43: Train Epoch 14: 260/569 Loss: 1.482191
2026-06-10 13:43: Train Epoch 14: 280/569 Loss: 1.366419
2026-06-10 13:44: Train Epoch 14: 300/569 Loss: 1.234358
2026-06-10 13:44: Train Epoch 14: 320/569 Loss: 1.268570
2026-06-10 13:44: Train Epoch 14: 340/569 Loss: 1.316504
2026-06-10 13:44: Train Epoch 14: 360/569 Loss: 1.439752
2026-06-10 13:44: Train Epoch 14: 380/569 Loss: 1.444468
2026-06-10 13:44: Train Epoch 14: 400/569 Loss: 1.355366
2026-06-10 13:44: Train Epoch 14: 420/569 Loss: 1.378575
2026-06-10 13:44: Train Epoch 14: 440/569 Loss: 1.437535
2026-06-10 13:44: Train Epoch 14: 460/569 Loss: 1.227496
2026-06-10 13:44: Train Epoch 14: 480/569 Loss: 1.332114
2026-06-10 13:44: Train Epoch 14: 500/569 Loss: 1.421500
2026-06-10 13:44: Train Epoch 14: 520/569 Loss: 1.398541
2026-06-10 13:44: Train Epoch 14: 540/569 Loss: 1.502460
2026-06-10 13:44: Train Epoch 14: 560/569 Loss: 1.451394
2026-06-10 13:44: **********Train Epoch 14: averaged Loss: 1.381278, tf_ratio: 1.000000
2026-06-10 13:44: **********Val Epoch 14: average Loss: 1.608307
2026-06-10 13:44: Train Epoch 15: 0/569 Loss: 1.297120
2026-06-10 13:44: Train Epoch 15: 20/569 Loss: 1.404717
2026-06-10 13:45: Train Epoch 15: 40/569 Loss: 1.398097
2026-06-10 13:45: Train Epoch 15: 60/569 Loss: 1.460382
2026-06-10 13:45: Train Epoch 15: 80/569 Loss: 1.349872
2026-06-10 13:45: Train Epoch 15: 100/569 Loss: 1.221067
2026-06-10 13:45: Train Epoch 15: 120/569 Loss: 1.418108
2026-06-10 13:45: Train Epoch 15: 140/569 Loss: 1.384094
2026-06-10 13:45: Train Epoch 15: 160/569 Loss: 1.334687
2026-06-10 13:45: Train Epoch 15: 180/569 Loss: 1.299941
2026-06-10 13:45: Train Epoch 15: 200/569 Loss: 1.229732
2026-06-10 13:45: Train Epoch 15: 220/569 Loss: 1.330776
2026-06-10 13:45: Train Epoch 15: 240/569 Loss: 1.365173
2026-06-10 13:45: Train Epoch 15: 260/569 Loss: 1.389901
2026-06-10 13:45: Train Epoch 15: 280/569 Loss: 1.370856
2026-06-10 13:45: Train Epoch 15: 300/569 Loss: 1.344062
2026-06-10 13:45: Train Epoch 15: 320/569 Loss: 1.241470
2026-06-10 13:45: Train Epoch 15: 340/569 Loss: 1.289616
2026-06-10 13:45: Train Epoch 15: 360/569 Loss: 1.340181
2026-06-10 13:45: Train Epoch 15: 380/569 Loss: 1.320152
2026-06-10 13:46: Train Epoch 15: 400/569 Loss: 1.325616
2026-06-10 13:46: Train Epoch 15: 420/569 Loss: 1.438936
2026-06-10 13:46: Train Epoch 15: 440/569 Loss: 1.391988
2026-06-10 13:46: Train Epoch 15: 460/569 Loss: 1.342528
2026-06-10 13:46: Train Epoch 15: 480/569 Loss: 1.377959
2026-06-10 13:46: Train Epoch 15: 500/569 Loss: 1.360699
2026-06-10 13:46: Train Epoch 15: 520/569 Loss: 1.466027
2026-06-10 13:46: Train Epoch 15: 540/569 Loss: 1.403942
2026-06-10 13:46: Train Epoch 15: 560/569 Loss: 1.495008
2026-06-10 13:46: **********Train Epoch 15: averaged Loss: 1.369130, tf_ratio: 1.000000
2026-06-10 13:46: **********Val Epoch 15: average Loss: 1.599377
2026-06-10 13:46: *********************************Current best model saved!
2026-06-10 13:46: Train Epoch 16: 0/569 Loss: 1.355667
2026-06-10 13:46: Train Epoch 16: 20/569 Loss: 1.253173
2026-06-10 13:46: Train Epoch 16: 40/569 Loss: 1.409368
2026-06-10 13:46: Train Epoch 16: 60/569 Loss: 1.325980
2026-06-10 13:46: Train Epoch 16: 80/569 Loss: 1.568519
2026-06-10 13:46: Train Epoch 16: 100/569 Loss: 1.359565
2026-06-10 13:46: Train Epoch 16: 120/569 Loss: 1.376913
2026-06-10 13:47: Train Epoch 16: 140/569 Loss: 1.352138
2026-06-10 13:47: Train Epoch 16: 160/569 Loss: 1.518672
2026-06-10 13:47: Train Epoch 16: 180/569 Loss: 1.369469
2026-06-10 13:47: Train Epoch 16: 200/569 Loss: 1.412853
2026-06-10 13:47: Train Epoch 16: 220/569 Loss: 1.552898
2026-06-10 13:47: Train Epoch 16: 240/569 Loss: 1.509125
2026-06-10 13:47: Train Epoch 16: 260/569 Loss: 1.412148
2026-06-10 13:47: Train Epoch 16: 280/569 Loss: 1.324378
2026-06-10 13:47: Train Epoch 16: 300/569 Loss: 1.296835
2026-06-10 13:47: Train Epoch 16: 320/569 Loss: 1.127135
2026-06-10 13:47: Train Epoch 16: 340/569 Loss: 1.417160
2026-06-10 13:47: Train Epoch 16: 360/569 Loss: 1.345784
2026-06-10 13:47: Train Epoch 16: 380/569 Loss: 1.352473
2026-06-10 13:47: Train Epoch 16: 400/569 Loss: 1.434597
2026-06-10 13:47: Train Epoch 16: 420/569 Loss: 1.436434
2026-06-10 13:47: Train Epoch 16: 440/569 Loss: 1.507219
2026-06-10 13:47: Train Epoch 16: 460/569 Loss: 1.392047
2026-06-10 13:48: Train Epoch 16: 480/569 Loss: 1.318906
2026-06-10 13:48: Train Epoch 16: 500/569 Loss: 1.266747
2026-06-10 13:48: Train Epoch 16: 520/569 Loss: 1.296106
2026-06-10 13:48: Train Epoch 16: 540/569 Loss: 1.341482
2026-06-10 13:48: Train Epoch 16: 560/569 Loss: 1.533503
2026-06-10 13:48: **********Train Epoch 16: averaged Loss: 1.359918, tf_ratio: 1.000000
2026-06-10 13:48: **********Val Epoch 16: average Loss: 1.606836
2026-06-10 13:48: Train Epoch 17: 0/569 Loss: 1.386855
2026-06-10 13:48: Train Epoch 17: 20/569 Loss: 1.336819
2026-06-10 13:48: Train Epoch 17: 40/569 Loss: 1.219447
2026-06-10 13:48: Train Epoch 17: 60/569 Loss: 1.309247
2026-06-10 13:48: Train Epoch 17: 80/569 Loss: 1.239685
2026-06-10 13:48: Train Epoch 17: 100/569 Loss: 1.440604
2026-06-10 13:48: Train Epoch 17: 120/569 Loss: 1.395186
2026-06-10 13:48: Train Epoch 17: 140/569 Loss: 1.302463
2026-06-10 13:48: Train Epoch 17: 160/569 Loss: 1.302466
2026-06-10 13:48: Train Epoch 17: 180/569 Loss: 1.471910
2026-06-10 13:48: Train Epoch 17: 200/569 Loss: 1.421195
2026-06-10 13:48: Train Epoch 17: 220/569 Loss: 1.241969
2026-06-10 13:49: Train Epoch 17: 240/569 Loss: 1.279868
2026-06-10 13:49: Train Epoch 17: 260/569 Loss: 1.333377
2026-06-10 13:49: Train Epoch 17: 280/569 Loss: 1.247751
2026-06-10 13:49: Train Epoch 17: 300/569 Loss: 1.444424
2026-06-10 13:49: Train Epoch 17: 320/569 Loss: 1.404658
2026-06-10 13:49: Train Epoch 17: 340/569 Loss: 1.221820
2026-06-10 13:49: Train Epoch 17: 360/569 Loss: 1.417424
2026-06-10 13:49: Train Epoch 17: 380/569 Loss: 1.374674
2026-06-10 13:49: Train Epoch 17: 400/569 Loss: 1.446533
2026-06-10 13:49: Train Epoch 17: 420/569 Loss: 1.348962
2026-06-10 13:49: Train Epoch 17: 440/569 Loss: 1.232656
2026-06-10 13:49: Train Epoch 17: 460/569 Loss: 1.353392
2026-06-10 13:49: Train Epoch 17: 480/569 Loss: 1.447953
2026-06-10 13:49: Train Epoch 17: 500/569 Loss: 1.315486
2026-06-10 13:49: Train Epoch 17: 520/569 Loss: 1.237110
2026-06-10 13:49: Train Epoch 17: 540/569 Loss: 1.374041
2026-06-10 13:49: Train Epoch 17: 560/569 Loss: 1.378356
2026-06-10 13:49: **********Train Epoch 17: averaged Loss: 1.350092, tf_ratio: 1.000000
2026-06-10 13:50: **********Val Epoch 17: average Loss: 1.599590
2026-06-10 13:50: Train Epoch 18: 0/569 Loss: 1.490554
2026-06-10 13:50: Train Epoch 18: 20/569 Loss: 1.318270
2026-06-10 13:50: Train Epoch 18: 40/569 Loss: 1.436894
2026-06-10 13:50: Train Epoch 18: 60/569 Loss: 1.289559
2026-06-10 13:50: Train Epoch 18: 80/569 Loss: 1.450430
2026-06-10 13:50: Train Epoch 18: 100/569 Loss: 1.185854
2026-06-10 13:50: Train Epoch 18: 120/569 Loss: 1.286191
2026-06-10 13:50: Train Epoch 18: 140/569 Loss: 1.385358
2026-06-10 13:50: Train Epoch 18: 160/569 Loss: 1.279250
2026-06-10 13:50: Train Epoch 18: 180/569 Loss: 1.340930
2026-06-10 13:50: Train Epoch 18: 200/569 Loss: 1.379082
2026-06-10 13:50: Train Epoch 18: 220/569 Loss: 1.344231
2026-06-10 13:50: Train Epoch 18: 240/569 Loss: 1.197605
2026-06-10 13:50: Train Epoch 18: 260/569 Loss: 1.349345
2026-06-10 13:50: Train Epoch 18: 280/569 Loss: 1.170335
2026-06-10 13:50: Train Epoch 18: 300/569 Loss: 1.491755
2026-06-10 13:50: Train Epoch 18: 320/569 Loss: 1.477333
2026-06-10 13:51: Train Epoch 18: 340/569 Loss: 1.234642
2026-06-10 13:51: Train Epoch 18: 360/569 Loss: 1.410944
2026-06-10 13:51: Train Epoch 18: 380/569 Loss: 1.505339
2026-06-10 13:51: Train Epoch 18: 400/569 Loss: 1.388642
2026-06-10 13:51: Train Epoch 18: 420/569 Loss: 1.377539
2026-06-10 13:51: Train Epoch 18: 440/569 Loss: 1.390456
2026-06-10 13:51: Train Epoch 18: 460/569 Loss: 1.347695
2026-06-10 13:51: Train Epoch 18: 480/569 Loss: 1.326414
2026-06-10 13:51: Train Epoch 18: 500/569 Loss: 1.197694
2026-06-10 13:51: Train Epoch 18: 520/569 Loss: 1.271661
2026-06-10 13:51: Train Epoch 18: 540/569 Loss: 1.381479
2026-06-10 13:51: Train Epoch 18: 560/569 Loss: 1.394774
2026-06-10 13:51: **********Train Epoch 18: averaged Loss: 1.340929, tf_ratio: 1.000000
2026-06-10 13:51: **********Val Epoch 18: average Loss: 1.592986
2026-06-10 13:51: *********************************Current best model saved!
2026-06-10 13:51: Train Epoch 19: 0/569 Loss: 1.377485
2026-06-10 13:51: Train Epoch 19: 20/569 Loss: 1.337923
2026-06-10 13:51: Train Epoch 19: 40/569 Loss: 1.283462
2026-06-10 13:51: Train Epoch 19: 60/569 Loss: 1.285852
2026-06-10 13:52: Train Epoch 19: 80/569 Loss: 1.341657
2026-06-10 13:52: Train Epoch 19: 100/569 Loss: 1.341398
2026-06-10 13:52: Train Epoch 19: 120/569 Loss: 1.447670
2026-06-10 13:52: Train Epoch 19: 140/569 Loss: 1.313534
2026-06-10 13:52: Train Epoch 19: 160/569 Loss: 1.277665
2026-06-10 13:52: Train Epoch 19: 180/569 Loss: 1.343811
2026-06-10 13:52: Train Epoch 19: 200/569 Loss: 1.316503
2026-06-10 13:52: Train Epoch 19: 220/569 Loss: 1.291770
2026-06-10 13:52: Train Epoch 19: 240/569 Loss: 1.420965
2026-06-10 13:52: Train Epoch 19: 260/569 Loss: 1.277936
2026-06-10 13:52: Train Epoch 19: 280/569 Loss: 1.268243
2026-06-10 13:52: Train Epoch 19: 300/569 Loss: 1.271079
2026-06-10 13:52: Train Epoch 19: 320/569 Loss: 1.360088
2026-06-10 13:52: Train Epoch 19: 340/569 Loss: 1.333813
2026-06-10 13:52: Train Epoch 19: 360/569 Loss: 1.393910
2026-06-10 13:52: Train Epoch 19: 380/569 Loss: 1.383766
2026-06-10 13:52: Train Epoch 19: 400/569 Loss: 1.290228
2026-06-10 13:53: Train Epoch 19: 420/569 Loss: 1.584461
2026-06-10 13:53: Train Epoch 19: 440/569 Loss: 1.426750
2026-06-10 13:53: Train Epoch 19: 460/569 Loss: 1.428665
2026-06-10 13:53: Train Epoch 19: 480/569 Loss: 1.527614
2026-06-10 13:53: Train Epoch 19: 500/569 Loss: 1.305909
2026-06-10 13:53: Train Epoch 19: 520/569 Loss: 1.238477
2026-06-10 13:53: Train Epoch 19: 540/569 Loss: 1.253236
2026-06-10 13:53: Train Epoch 19: 560/569 Loss: 1.253581
2026-06-10 13:53: **********Train Epoch 19: averaged Loss: 1.333695, tf_ratio: 1.000000
2026-06-10 13:53: **********Val Epoch 19: average Loss: 1.606394
2026-06-10 13:53: Train Epoch 20: 0/569 Loss: 1.287534
2026-06-10 13:53: Train Epoch 20: 20/569 Loss: 1.309226
2026-06-10 13:53: Train Epoch 20: 40/569 Loss: 1.583779
2026-06-10 13:53: Train Epoch 20: 60/569 Loss: 1.356052
2026-06-10 13:53: Train Epoch 20: 80/569 Loss: 1.218564
2026-06-10 13:53: Train Epoch 20: 100/569 Loss: 1.511999
2026-06-10 13:53: Train Epoch 20: 120/569 Loss: 1.318097
2026-06-10 13:53: Train Epoch 20: 140/569 Loss: 1.370870
2026-06-10 13:53: Train Epoch 20: 160/569 Loss: 1.221345
2026-06-10 13:54: Train Epoch 20: 180/569 Loss: 1.454481
2026-06-10 13:54: Train Epoch 20: 200/569 Loss: 1.256254
2026-06-10 13:54: Train Epoch 20: 220/569 Loss: 1.250525
2026-06-10 13:54: Train Epoch 20: 240/569 Loss: 1.384966
2026-06-10 13:54: Train Epoch 20: 260/569 Loss: 1.329662
2026-06-10 13:54: Train Epoch 20: 280/569 Loss: 1.231776
2026-06-10 13:54: Train Epoch 20: 300/569 Loss: 1.527749
2026-06-10 13:54: Train Epoch 20: 320/569 Loss: 1.318368
2026-06-10 13:54: Train Epoch 20: 340/569 Loss: 1.388658
2026-06-10 13:54: Train Epoch 20: 360/569 Loss: 1.362686
2026-06-10 13:54: Train Epoch 20: 380/569 Loss: 1.316061
2026-06-10 13:54: Train Epoch 20: 400/569 Loss: 1.430823
2026-06-10 13:54: Train Epoch 20: 420/569 Loss: 1.290613
2026-06-10 13:54: Train Epoch 20: 440/569 Loss: 1.176809
2026-06-10 13:54: Train Epoch 20: 460/569 Loss: 1.196193
2026-06-10 13:54: Train Epoch 20: 480/569 Loss: 1.343198
2026-06-10 13:54: Train Epoch 20: 500/569 Loss: 1.344906
2026-06-10 13:55: Train Epoch 20: 520/569 Loss: 1.453941
2026-06-10 13:55: Train Epoch 20: 540/569 Loss: 1.298458
2026-06-10 13:55: Train Epoch 20: 560/569 Loss: 1.189121
2026-06-10 13:55: **********Train Epoch 20: averaged Loss: 1.324761, tf_ratio: 1.000000
2026-06-10 13:55: **********Val Epoch 20: average Loss: 1.601083
2026-06-10 13:55: Train Epoch 21: 0/569 Loss: 1.244908
2026-06-10 13:55: Train Epoch 21: 20/569 Loss: 1.191996
2026-06-10 13:55: Train Epoch 21: 40/569 Loss: 1.337774
2026-06-10 13:55: Train Epoch 21: 60/569 Loss: 1.310083
2026-06-10 13:55: Train Epoch 21: 80/569 Loss: 1.363620
2026-06-10 13:55: Train Epoch 21: 100/569 Loss: 1.139006
2026-06-10 13:55: Train Epoch 21: 120/569 Loss: 1.430851
2026-06-10 13:55: Train Epoch 21: 140/569 Loss: 1.172638
2026-06-10 13:55: Train Epoch 21: 160/569 Loss: 1.255188
2026-06-10 13:55: Train Epoch 21: 180/569 Loss: 1.392640
2026-06-10 13:55: Train Epoch 21: 200/569 Loss: 1.274014
2026-06-10 13:55: Train Epoch 21: 220/569 Loss: 1.361227
2026-06-10 13:55: Train Epoch 21: 240/569 Loss: 1.304815
2026-06-10 13:55: Train Epoch 21: 260/569 Loss: 1.343853
2026-06-10 13:56: Train Epoch 21: 280/569 Loss: 1.161952
2026-06-10 13:56: Train Epoch 21: 300/569 Loss: 1.270416
2026-06-10 13:56: Train Epoch 21: 320/569 Loss: 1.252435
2026-06-10 13:56: Train Epoch 21: 340/569 Loss: 1.293893
2026-06-10 13:56: Train Epoch 21: 360/569 Loss: 1.234921
2026-06-10 13:56: Train Epoch 21: 380/569 Loss: 1.285838
2026-06-10 13:56: Train Epoch 21: 400/569 Loss: 1.458453
2026-06-10 13:56: Train Epoch 21: 420/569 Loss: 1.348750
2026-06-10 13:56: Train Epoch 21: 440/569 Loss: 1.320825
2026-06-10 13:56: Train Epoch 21: 460/569 Loss: 1.236829
2026-06-10 13:56: Train Epoch 21: 480/569 Loss: 1.437691
2026-06-10 13:56: Train Epoch 21: 500/569 Loss: 1.319999
2026-06-10 13:56: Train Epoch 21: 520/569 Loss: 1.371802
2026-06-10 13:56: Train Epoch 21: 540/569 Loss: 1.173212
2026-06-10 13:56: Train Epoch 21: 560/569 Loss: 1.320599
2026-06-10 13:56: **********Train Epoch 21: averaged Loss: 1.317501, tf_ratio: 1.000000
2026-06-10 13:56: **********Val Epoch 21: average Loss: 1.602394
2026-06-10 13:56: Train Epoch 22: 0/569 Loss: 1.366165
2026-06-10 13:57: Train Epoch 22: 20/569 Loss: 1.290451
2026-06-10 13:57: Train Epoch 22: 40/569 Loss: 1.332453
2026-06-10 13:57: Train Epoch 22: 60/569 Loss: 1.301414
2026-06-10 13:57: Train Epoch 22: 80/569 Loss: 1.392642
2026-06-10 13:57: Train Epoch 22: 100/569 Loss: 1.453121
2026-06-10 13:57: Train Epoch 22: 120/569 Loss: 1.295427
2026-06-10 13:57: Train Epoch 22: 140/569 Loss: 1.410677
2026-06-10 13:57: Train Epoch 22: 160/569 Loss: 1.299770
2026-06-10 13:57: Train Epoch 22: 180/569 Loss: 1.387592
2026-06-10 13:57: Train Epoch 22: 200/569 Loss: 1.342373
2026-06-10 13:57: Train Epoch 22: 220/569 Loss: 1.282646
2026-06-10 13:57: Train Epoch 22: 240/569 Loss: 1.307652
2026-06-10 13:57: Train Epoch 22: 260/569 Loss: 1.268527
2026-06-10 13:57: Train Epoch 22: 280/569 Loss: 1.338651
2026-06-10 13:57: Train Epoch 22: 300/569 Loss: 1.248903
2026-06-10 13:57: Train Epoch 22: 320/569 Loss: 1.353261
2026-06-10 13:57: Train Epoch 22: 340/569 Loss: 1.149090
2026-06-10 13:58: Train Epoch 22: 360/569 Loss: 1.290194
2026-06-10 13:58: Train Epoch 22: 380/569 Loss: 1.379794
2026-06-10 13:58: Train Epoch 22: 400/569 Loss: 1.277025
2026-06-10 13:58: Train Epoch 22: 420/569 Loss: 1.282235
2026-06-10 13:58: Train Epoch 22: 440/569 Loss: 1.272108
2026-06-10 13:58: Train Epoch 22: 460/569 Loss: 1.308329
2026-06-10 13:58: Train Epoch 22: 480/569 Loss: 1.297802
2026-06-10 13:58: Train Epoch 22: 500/569 Loss: 1.327316
2026-06-10 13:58: Train Epoch 22: 520/569 Loss: 1.196513
2026-06-10 13:58: Train Epoch 22: 540/569 Loss: 1.225687
2026-06-10 13:58: Train Epoch 22: 560/569 Loss: 1.173885
2026-06-10 13:58: **********Train Epoch 22: averaged Loss: 1.310588, tf_ratio: 1.000000
2026-06-10 13:58: **********Val Epoch 22: average Loss: 1.602197
2026-06-10 13:58: Train Epoch 23: 0/569 Loss: 1.285541
2026-06-10 13:58: Train Epoch 23: 20/569 Loss: 1.190598
2026-06-10 13:58: Train Epoch 23: 40/569 Loss: 1.259246
2026-06-10 13:58: Train Epoch 23: 60/569 Loss: 1.292563
2026-06-10 13:58: Train Epoch 23: 80/569 Loss: 1.232340
2026-06-10 13:58: Train Epoch 23: 100/569 Loss: 1.505226
2026-06-10 13:59: Train Epoch 23: 120/569 Loss: 1.332286
2026-06-10 13:59: Train Epoch 23: 140/569 Loss: 1.307893
2026-06-10 13:59: Train Epoch 23: 160/569 Loss: 1.253817
2026-06-10 13:59: Train Epoch 23: 180/569 Loss: 1.354744
2026-06-10 13:59: Train Epoch 23: 200/569 Loss: 1.330080
2026-06-10 13:59: Train Epoch 23: 220/569 Loss: 1.306076
2026-06-10 13:59: Train Epoch 23: 240/569 Loss: 1.283425
2026-06-10 13:59: Train Epoch 23: 260/569 Loss: 1.408097
2026-06-10 13:59: Train Epoch 23: 280/569 Loss: 1.379454
2026-06-10 13:59: Train Epoch 23: 300/569 Loss: 1.254284
2026-06-10 13:59: Train Epoch 23: 320/569 Loss: 1.277745
2026-06-10 13:59: Train Epoch 23: 340/569 Loss: 1.255062
2026-06-10 13:59: Train Epoch 23: 360/569 Loss: 1.360692
2026-06-10 13:59: Train Epoch 23: 380/569 Loss: 1.332471
2026-06-10 13:59: Train Epoch 23: 400/569 Loss: 1.328028
2026-06-10 13:59: Train Epoch 23: 420/569 Loss: 1.207752
2026-06-10 13:59: Train Epoch 23: 440/569 Loss: 1.313628
2026-06-10 14:00: Train Epoch 23: 460/569 Loss: 1.352513
2026-06-10 14:00: Train Epoch 23: 480/569 Loss: 1.431735
2026-06-10 14:00: Train Epoch 23: 500/569 Loss: 1.244168
2026-06-10 14:00: Train Epoch 23: 520/569 Loss: 1.324919
2026-06-10 14:00: Train Epoch 23: 540/569 Loss: 1.213864
2026-06-10 14:00: Train Epoch 23: 560/569 Loss: 1.220896
2026-06-10 14:00: **********Train Epoch 23: averaged Loss: 1.303912, tf_ratio: 1.000000
2026-06-10 14:00: **********Val Epoch 23: average Loss: 1.598262
2026-06-10 14:00: Train Epoch 24: 0/569 Loss: 1.302371
2026-06-10 14:00: Train Epoch 24: 20/569 Loss: 1.225722
2026-06-10 14:00: Train Epoch 24: 40/569 Loss: 1.317238
2026-06-10 14:00: Train Epoch 24: 60/569 Loss: 1.280101
2026-06-10 14:00: Train Epoch 24: 80/569 Loss: 1.340915
2026-06-10 14:00: Train Epoch 24: 100/569 Loss: 1.354916
2026-06-10 14:00: Train Epoch 24: 120/569 Loss: 1.245919
2026-06-10 14:00: Train Epoch 24: 140/569 Loss: 1.448098
2026-06-10 14:00: Train Epoch 24: 160/569 Loss: 1.451041
2026-06-10 14:00: Train Epoch 24: 180/569 Loss: 1.396985
2026-06-10 14:00: Train Epoch 24: 200/569 Loss: 1.234815
2026-06-10 14:01: Train Epoch 24: 220/569 Loss: 1.395492
2026-06-10 14:01: Train Epoch 24: 240/569 Loss: 1.526514
2026-06-10 14:01: Train Epoch 24: 260/569 Loss: 1.262729
2026-06-10 14:01: Train Epoch 24: 280/569 Loss: 1.172605
2026-06-10 14:01: Train Epoch 24: 300/569 Loss: 1.211912
2026-06-10 14:01: Train Epoch 24: 320/569 Loss: 1.321038
2026-06-10 14:01: Train Epoch 24: 340/569 Loss: 1.340716
2026-06-10 14:01: Train Epoch 24: 360/569 Loss: 1.360627
2026-06-10 14:01: Train Epoch 24: 380/569 Loss: 1.299750
2026-06-10 14:01: Train Epoch 24: 400/569 Loss: 1.213196
2026-06-10 14:01: Train Epoch 24: 420/569 Loss: 1.376512
2026-06-10 14:01: Train Epoch 24: 440/569 Loss: 1.381567
2026-06-10 14:01: Train Epoch 24: 460/569 Loss: 1.310096
2026-06-10 14:01: Train Epoch 24: 480/569 Loss: 1.354985
2026-06-10 14:01: Train Epoch 24: 500/569 Loss: 1.351581
2026-06-10 14:01: Train Epoch 24: 520/569 Loss: 1.400185
2026-06-10 14:01: Train Epoch 24: 540/569 Loss: 1.313162
2026-06-10 14:02: Train Epoch 24: 560/569 Loss: 1.383277
2026-06-10 14:02: **********Train Epoch 24: averaged Loss: 1.298050, tf_ratio: 1.000000
2026-06-10 14:02: **********Val Epoch 24: average Loss: 1.595726
2026-06-10 14:02: Train Epoch 25: 0/569 Loss: 1.358993
2026-06-10 14:02: Train Epoch 25: 20/569 Loss: 1.178515
2026-06-10 14:02: Train Epoch 25: 40/569 Loss: 1.181652
2026-06-10 14:02: Train Epoch 25: 60/569 Loss: 1.232344
2026-06-10 14:02: Train Epoch 25: 80/569 Loss: 1.371904
2026-06-10 14:02: Train Epoch 25: 100/569 Loss: 1.281527
2026-06-10 14:02: Train Epoch 25: 120/569 Loss: 1.288333
2026-06-10 14:02: Train Epoch 25: 140/569 Loss: 1.231372
2026-06-10 14:02: Train Epoch 25: 160/569 Loss: 1.458950
2026-06-10 14:02: Train Epoch 25: 180/569 Loss: 1.305837
2026-06-10 14:02: Train Epoch 25: 200/569 Loss: 1.218470
2026-06-10 14:02: Train Epoch 25: 220/569 Loss: 1.271985
2026-06-10 14:02: Train Epoch 25: 240/569 Loss: 1.180286
2026-06-10 14:02: Train Epoch 25: 260/569 Loss: 1.244485
2026-06-10 14:02: Train Epoch 25: 280/569 Loss: 1.356580
2026-06-10 14:03: Train Epoch 25: 300/569 Loss: 1.348225
2026-06-10 14:03: Train Epoch 25: 320/569 Loss: 1.385134
2026-06-10 14:03: Train Epoch 25: 340/569 Loss: 1.246426
2026-06-10 14:03: Train Epoch 25: 360/569 Loss: 1.425791
2026-06-10 14:03: Train Epoch 25: 380/569 Loss: 1.229035
2026-06-10 14:03: Train Epoch 25: 400/569 Loss: 1.454962
2026-06-10 14:03: Train Epoch 25: 420/569 Loss: 1.321577
2026-06-10 14:03: Train Epoch 25: 440/569 Loss: 1.466344
2026-06-10 14:03: Train Epoch 25: 460/569 Loss: 1.380846
2026-06-10 14:03: Train Epoch 25: 480/569 Loss: 1.265987
2026-06-10 14:03: Train Epoch 25: 500/569 Loss: 1.353973
2026-06-10 14:03: Train Epoch 25: 520/569 Loss: 1.299855
2026-06-10 14:03: Train Epoch 25: 540/569 Loss: 1.426254
2026-06-10 14:03: Train Epoch 25: 560/569 Loss: 1.461410
2026-06-10 14:03: **********Train Epoch 25: averaged Loss: 1.291689, tf_ratio: 1.000000
2026-06-10 14:03: **********Val Epoch 25: average Loss: 1.598485
2026-06-10 14:03: Train Epoch 26: 0/569 Loss: 1.251593
2026-06-10 14:03: Train Epoch 26: 20/569 Loss: 1.219926
2026-06-10 14:03: Train Epoch 26: 40/569 Loss: 1.208060
2026-06-10 14:04: Train Epoch 26: 60/569 Loss: 1.235851
2026-06-10 14:04: Train Epoch 26: 80/569 Loss: 1.321118
2026-06-10 14:04: Train Epoch 26: 100/569 Loss: 1.252661
2026-06-10 14:04: Train Epoch 26: 120/569 Loss: 1.287336
2026-06-10 14:04: Train Epoch 26: 140/569 Loss: 1.155579
2026-06-10 14:04: Train Epoch 26: 160/569 Loss: 1.370657
2026-06-10 14:04: Train Epoch 26: 180/569 Loss: 1.178890
2026-06-10 14:04: Train Epoch 26: 200/569 Loss: 1.238728
2026-06-10 14:04: Train Epoch 26: 220/569 Loss: 1.317709
2026-06-10 14:04: Train Epoch 26: 240/569 Loss: 1.320738
2026-06-10 14:04: Train Epoch 26: 260/569 Loss: 1.312475
2026-06-10 14:04: Train Epoch 26: 280/569 Loss: 1.344176
2026-06-10 14:04: Train Epoch 26: 300/569 Loss: 1.308035
2026-06-10 14:04: Train Epoch 26: 320/569 Loss: 1.179811
2026-06-10 14:04: Train Epoch 26: 340/569 Loss: 1.339467
2026-06-10 14:04: Train Epoch 26: 360/569 Loss: 1.319619
2026-06-10 14:04: Train Epoch 26: 380/569 Loss: 1.208020
2026-06-10 14:05: Train Epoch 26: 400/569 Loss: 1.291702
2026-06-10 14:05: Train Epoch 26: 420/569 Loss: 1.340677
2026-06-10 14:05: Train Epoch 26: 440/569 Loss: 1.290842
2026-06-10 14:05: Train Epoch 26: 460/569 Loss: 1.260908
2026-06-10 14:05: Train Epoch 26: 480/569 Loss: 1.286976
2026-06-10 14:05: Train Epoch 26: 500/569 Loss: 1.218307
2026-06-10 14:05: Train Epoch 26: 520/569 Loss: 1.292678
2026-06-10 14:05: Train Epoch 26: 540/569 Loss: 1.450045
2026-06-10 14:05: Train Epoch 26: 560/569 Loss: 1.447165
2026-06-10 14:05: **********Train Epoch 26: averaged Loss: 1.285390, tf_ratio: 1.000000
2026-06-10 14:05: **********Val Epoch 26: average Loss: 1.605921
2026-06-10 14:05: Train Epoch 27: 0/569 Loss: 1.324705
2026-06-10 14:05: Train Epoch 27: 20/569 Loss: 1.204185
2026-06-10 14:05: Train Epoch 27: 40/569 Loss: 1.296342
2026-06-10 14:05: Train Epoch 27: 60/569 Loss: 1.311790
2026-06-10 14:05: Train Epoch 27: 80/569 Loss: 1.333965
2026-06-10 14:05: Train Epoch 27: 100/569 Loss: 1.269359
2026-06-10 14:05: Train Epoch 27: 120/569 Loss: 1.220595
2026-06-10 14:05: Train Epoch 27: 140/569 Loss: 1.434601
2026-06-10 14:06: Train Epoch 27: 160/569 Loss: 1.297094
2026-06-10 14:06: Train Epoch 27: 180/569 Loss: 1.437734
2026-06-10 14:06: Train Epoch 27: 200/569 Loss: 1.286083
2026-06-10 14:06: Train Epoch 27: 220/569 Loss: 1.112877
2026-06-10 14:06: Train Epoch 27: 240/569 Loss: 1.268071
2026-06-10 14:06: Train Epoch 27: 260/569 Loss: 1.361332
2026-06-10 14:06: Train Epoch 27: 280/569 Loss: 1.499832
2026-06-10 14:06: Train Epoch 27: 300/569 Loss: 1.328302
2026-06-10 14:06: Train Epoch 27: 320/569 Loss: 1.300603
2026-06-10 14:06: Train Epoch 27: 340/569 Loss: 1.303872
2026-06-10 14:06: Train Epoch 27: 360/569 Loss: 1.424082
2026-06-10 14:06: Train Epoch 27: 380/569 Loss: 1.246850
2026-06-10 14:06: Train Epoch 27: 400/569 Loss: 1.192304
2026-06-10 14:06: Train Epoch 27: 420/569 Loss: 1.170507
2026-06-10 14:06: Train Epoch 27: 440/569 Loss: 1.307267
2026-06-10 14:06: Train Epoch 27: 460/569 Loss: 1.325622
2026-06-10 14:06: Train Epoch 27: 480/569 Loss: 1.253212
2026-06-10 14:07: Train Epoch 27: 500/569 Loss: 1.315197
2026-06-10 14:07: Train Epoch 27: 520/569 Loss: 1.156168
2026-06-10 14:07: Train Epoch 27: 540/569 Loss: 1.276279
2026-06-10 14:07: Train Epoch 27: 560/569 Loss: 1.293909
2026-06-10 14:07: **********Train Epoch 27: averaged Loss: 1.279096, tf_ratio: 1.000000
2026-06-10 14:07: **********Val Epoch 27: average Loss: 1.604361
2026-06-10 14:07: Train Epoch 28: 0/569 Loss: 1.321931
2026-06-10 14:07: Train Epoch 28: 20/569 Loss: 1.198970
2026-06-10 14:07: Train Epoch 28: 40/569 Loss: 1.314225
2026-06-10 14:07: Train Epoch 28: 60/569 Loss: 1.238085
2026-06-10 14:07: Train Epoch 28: 80/569 Loss: 1.280987
2026-06-10 14:07: Train Epoch 28: 100/569 Loss: 1.200194
2026-06-10 14:07: Train Epoch 28: 120/569 Loss: 1.308886
2026-06-10 14:07: Train Epoch 28: 140/569 Loss: 1.131848
2026-06-10 14:07: Train Epoch 28: 160/569 Loss: 1.269155
2026-06-10 14:07: Train Epoch 28: 180/569 Loss: 1.233434
2026-06-10 14:07: Train Epoch 28: 200/569 Loss: 1.214212
2026-06-10 14:07: Train Epoch 28: 220/569 Loss: 1.342730
2026-06-10 14:08: Train Epoch 28: 240/569 Loss: 1.160678
2026-06-10 14:08: Train Epoch 28: 260/569 Loss: 1.364409
2026-06-10 14:08: Train Epoch 28: 280/569 Loss: 1.198532
2026-06-10 14:08: Train Epoch 28: 300/569 Loss: 1.196746
2026-06-10 14:08: Train Epoch 28: 320/569 Loss: 1.146168
2026-06-10 14:08: Train Epoch 28: 340/569 Loss: 1.329047
2026-06-10 14:08: Train Epoch 28: 360/569 Loss: 1.298963
2026-06-10 14:08: Train Epoch 28: 380/569 Loss: 1.378335
2026-06-10 14:08: Train Epoch 28: 400/569 Loss: 1.225121
2026-06-10 14:08: Train Epoch 28: 420/569 Loss: 1.318087
2026-06-10 14:08: Train Epoch 28: 440/569 Loss: 1.290120
2026-06-10 14:08: Train Epoch 28: 460/569 Loss: 1.273673
2026-06-10 14:08: Train Epoch 28: 480/569 Loss: 1.201841
2026-06-10 14:08: Train Epoch 28: 500/569 Loss: 1.343100
2026-06-10 14:08: Train Epoch 28: 520/569 Loss: 1.395059
2026-06-10 14:08: Train Epoch 28: 540/569 Loss: 1.329305
2026-06-10 14:08: Train Epoch 28: 560/569 Loss: 1.242323
2026-06-10 14:08: **********Train Epoch 28: averaged Loss: 1.274784, tf_ratio: 1.000000
2026-06-10 14:09: **********Val Epoch 28: average Loss: 1.602214
2026-06-10 14:09: Train Epoch 29: 0/569 Loss: 1.183240
2026-06-10 14:09: Train Epoch 29: 20/569 Loss: 1.120832
2026-06-10 14:09: Train Epoch 29: 40/569 Loss: 1.253691
2026-06-10 14:09: Train Epoch 29: 60/569 Loss: 1.335014
2026-06-10 14:09: Train Epoch 29: 80/569 Loss: 1.278180
2026-06-10 14:09: Train Epoch 29: 100/569 Loss: 1.302121
2026-06-10 14:09: Train Epoch 29: 120/569 Loss: 1.264778
2026-06-10 14:09: Train Epoch 29: 140/569 Loss: 1.337676
2026-06-10 14:09: Train Epoch 29: 160/569 Loss: 1.354877
2026-06-10 14:09: Train Epoch 29: 180/569 Loss: 1.369769
2026-06-10 14:09: Train Epoch 29: 200/569 Loss: 1.231660
2026-06-10 14:09: Train Epoch 29: 220/569 Loss: 1.355891
2026-06-10 14:09: Train Epoch 29: 240/569 Loss: 1.378684
2026-06-10 14:09: Train Epoch 29: 260/569 Loss: 1.274404
2026-06-10 14:09: Train Epoch 29: 280/569 Loss: 1.483548
2026-06-10 14:09: Train Epoch 29: 300/569 Loss: 1.319394
2026-06-10 14:09: Train Epoch 29: 320/569 Loss: 1.299777
2026-06-10 14:10: Train Epoch 29: 340/569 Loss: 1.324955
2026-06-10 14:10: Train Epoch 29: 360/569 Loss: 1.377218
2026-06-10 14:10: Train Epoch 29: 380/569 Loss: 1.219322
2026-06-10 14:10: Train Epoch 29: 400/569 Loss: 1.371394
2026-06-10 14:10: Train Epoch 29: 420/569 Loss: 1.127330
2026-06-10 14:10: Train Epoch 29: 440/569 Loss: 1.397811
2026-06-10 14:10: Train Epoch 29: 460/569 Loss: 1.276945
2026-06-10 14:10: Train Epoch 29: 480/569 Loss: 1.233593
2026-06-10 14:10: Train Epoch 29: 500/569 Loss: 1.353098
2026-06-10 14:10: Train Epoch 29: 520/569 Loss: 1.225955
2026-06-10 14:10: Train Epoch 29: 540/569 Loss: 1.324626
2026-06-10 14:10: Train Epoch 29: 560/569 Loss: 1.304138
2026-06-10 14:10: **********Train Epoch 29: averaged Loss: 1.268323, tf_ratio: 1.000000
2026-06-10 14:10: **********Val Epoch 29: average Loss: 1.602609
2026-06-10 14:10: Train Epoch 30: 0/569 Loss: 1.222921
2026-06-10 14:10: Train Epoch 30: 20/569 Loss: 1.175945
2026-06-10 14:10: Train Epoch 30: 40/569 Loss: 1.255953
2026-06-10 14:10: Train Epoch 30: 60/569 Loss: 1.319775
2026-06-10 14:10: Train Epoch 30: 80/569 Loss: 1.334723
2026-06-10 14:11: Train Epoch 30: 100/569 Loss: 1.319459
2026-06-10 14:11: Train Epoch 30: 120/569 Loss: 1.303156
2026-06-10 14:11: Train Epoch 30: 140/569 Loss: 1.130928
2026-06-10 14:11: Train Epoch 30: 160/569 Loss: 1.193541
2026-06-10 14:11: Train Epoch 30: 180/569 Loss: 1.131893
2026-06-10 14:11: Train Epoch 30: 200/569 Loss: 1.348992
2026-06-10 14:11: Train Epoch 30: 220/569 Loss: 1.236471
2026-06-10 14:11: Train Epoch 30: 240/569 Loss: 1.407169
2026-06-10 14:11: Train Epoch 30: 260/569 Loss: 1.287175
2026-06-10 14:11: Train Epoch 30: 280/569 Loss: 1.430946
2026-06-10 14:11: Train Epoch 30: 300/569 Loss: 1.401719
2026-06-10 14:11: Train Epoch 30: 320/569 Loss: 1.343875
2026-06-10 14:11: Train Epoch 30: 340/569 Loss: 1.269635
2026-06-10 14:11: Train Epoch 30: 360/569 Loss: 1.412768
2026-06-10 14:11: Train Epoch 30: 380/569 Loss: 1.230898
2026-06-10 14:11: Train Epoch 30: 400/569 Loss: 1.249107
2026-06-10 14:11: Train Epoch 30: 420/569 Loss: 1.209114
2026-06-10 14:12: Train Epoch 30: 440/569 Loss: 1.190549
2026-06-10 14:12: Train Epoch 30: 460/569 Loss: 1.185009
2026-06-10 14:12: Train Epoch 30: 480/569 Loss: 1.172007
2026-06-10 14:12: Train Epoch 30: 500/569 Loss: 1.321822
2026-06-10 14:12: Train Epoch 30: 520/569 Loss: 1.337650
2026-06-10 14:12: Train Epoch 30: 540/569 Loss: 1.188760
2026-06-10 14:12: Train Epoch 30: 560/569 Loss: 1.355438
2026-06-10 14:12: **********Train Epoch 30: averaged Loss: 1.264309, tf_ratio: 1.000000
2026-06-10 14:12: **********Val Epoch 30: average Loss: 1.609133
2026-06-10 14:12: Train Epoch 31: 0/569 Loss: 1.173651
2026-06-10 14:12: Train Epoch 31: 20/569 Loss: 1.140515
2026-06-10 14:12: Train Epoch 31: 40/569 Loss: 1.408818
2026-06-10 14:12: Train Epoch 31: 60/569 Loss: 1.359466
2026-06-10 14:12: Train Epoch 31: 80/569 Loss: 1.220541
2026-06-10 14:12: Train Epoch 31: 100/569 Loss: 1.394411
2026-06-10 14:12: Train Epoch 31: 120/569 Loss: 1.243306
2026-06-10 14:12: Train Epoch 31: 140/569 Loss: 1.241480
2026-06-10 14:12: Train Epoch 31: 160/569 Loss: 1.339942
2026-06-10 14:13: Train Epoch 31: 180/569 Loss: 1.252913
2026-06-10 14:13: Train Epoch 31: 200/569 Loss: 1.221450
2026-06-10 14:13: Train Epoch 31: 220/569 Loss: 1.181564
2026-06-10 14:13: Train Epoch 31: 240/569 Loss: 1.178930
2026-06-10 14:13: Train Epoch 31: 260/569 Loss: 1.241236
2026-06-10 14:13: Train Epoch 31: 280/569 Loss: 1.382116
2026-06-10 14:13: Train Epoch 31: 300/569 Loss: 1.241920
2026-06-10 14:13: Train Epoch 31: 320/569 Loss: 1.190100
2026-06-10 14:13: Train Epoch 31: 340/569 Loss: 1.325278
2026-06-10 14:13: Train Epoch 31: 360/569 Loss: 1.355783
2026-06-10 14:13: Train Epoch 31: 380/569 Loss: 1.296082
2026-06-10 14:13: Train Epoch 31: 400/569 Loss: 1.276469
2026-06-10 14:13: Train Epoch 31: 420/569 Loss: 1.302197
2026-06-10 14:13: Train Epoch 31: 440/569 Loss: 1.355468
2026-06-10 14:13: Train Epoch 31: 460/569 Loss: 1.375461
2026-06-10 14:13: Train Epoch 31: 480/569 Loss: 1.237153
2026-06-10 14:13: Train Epoch 31: 500/569 Loss: 1.079187
2026-06-10 14:13: Train Epoch 31: 520/569 Loss: 1.267017
2026-06-10 14:14: Train Epoch 31: 540/569 Loss: 1.315100
2026-06-10 14:14: Train Epoch 31: 560/569 Loss: 1.410275
2026-06-10 14:14: **********Train Epoch 31: averaged Loss: 1.260535, tf_ratio: 1.000000
2026-06-10 14:14: **********Val Epoch 31: average Loss: 1.609959
2026-06-10 14:14: Train Epoch 32: 0/569 Loss: 1.293493
2026-06-10 14:14: Train Epoch 32: 20/569 Loss: 1.223638
2026-06-10 14:14: Train Epoch 32: 40/569 Loss: 1.256057
2026-06-10 14:14: Train Epoch 32: 60/569 Loss: 1.234366
2026-06-10 14:14: Train Epoch 32: 80/569 Loss: 1.249529
2026-06-10 14:14: Train Epoch 32: 100/569 Loss: 1.288483
2026-06-10 14:14: Train Epoch 32: 120/569 Loss: 1.284688
2026-06-10 14:14: Train Epoch 32: 140/569 Loss: 1.164682
2026-06-10 14:14: Train Epoch 32: 160/569 Loss: 1.266455
2026-06-10 14:14: Train Epoch 32: 180/569 Loss: 1.202379
2026-06-10 14:14: Train Epoch 32: 200/569 Loss: 1.182392
2026-06-10 14:14: Train Epoch 32: 220/569 Loss: 1.183388
2026-06-10 14:14: Train Epoch 32: 240/569 Loss: 1.230758
2026-06-10 14:14: Train Epoch 32: 260/569 Loss: 1.335922
2026-06-10 14:15: Train Epoch 32: 280/569 Loss: 1.326585
2026-06-10 14:15: Train Epoch 32: 300/569 Loss: 1.274686
2026-06-10 14:15: Train Epoch 32: 320/569 Loss: 1.152315
2026-06-10 14:15: Train Epoch 32: 340/569 Loss: 1.258464
2026-06-10 14:15: Train Epoch 32: 360/569 Loss: 1.289593
2026-06-10 14:15: Train Epoch 32: 380/569 Loss: 1.072861
2026-06-10 14:15: Train Epoch 32: 400/569 Loss: 1.380985
2026-06-10 14:15: Train Epoch 32: 420/569 Loss: 1.272383
2026-06-10 14:15: Train Epoch 32: 440/569 Loss: 1.305729
2026-06-10 14:15: Train Epoch 32: 460/569 Loss: 1.213130
2026-06-10 14:15: Train Epoch 32: 480/569 Loss: 1.204126
2026-06-10 14:15: Train Epoch 32: 500/569 Loss: 1.323448
2026-06-10 14:15: Train Epoch 32: 520/569 Loss: 1.259429
2026-06-10 14:15: Train Epoch 32: 540/569 Loss: 1.284359
2026-06-10 14:15: Train Epoch 32: 560/569 Loss: 1.221825
2026-06-10 14:15: **********Train Epoch 32: averaged Loss: 1.255521, tf_ratio: 1.000000
2026-06-10 14:15: **********Val Epoch 32: average Loss: 1.613940
2026-06-10 14:15: Train Epoch 33: 0/569 Loss: 1.460704
2026-06-10 14:15: Train Epoch 33: 20/569 Loss: 1.161160
2026-06-10 14:16: Train Epoch 33: 40/569 Loss: 1.196824
2026-06-10 14:16: Train Epoch 33: 60/569 Loss: 1.216001
2026-06-10 14:16: Train Epoch 33: 80/569 Loss: 1.309047
2026-06-10 14:16: Train Epoch 33: 100/569 Loss: 1.215400
2026-06-10 14:16: Train Epoch 33: 120/569 Loss: 1.210254
2026-06-10 14:16: Train Epoch 33: 140/569 Loss: 1.221515
2026-06-10 14:16: Train Epoch 33: 160/569 Loss: 1.268256
2026-06-10 14:16: Train Epoch 33: 180/569 Loss: 1.420218
2026-06-10 14:16: Train Epoch 33: 200/569 Loss: 1.204476
2026-06-10 14:16: Train Epoch 33: 220/569 Loss: 1.161676
2026-06-10 14:16: Train Epoch 33: 240/569 Loss: 1.336268
2026-06-10 14:16: Train Epoch 33: 260/569 Loss: 1.273797
2026-06-10 14:16: Train Epoch 33: 280/569 Loss: 1.258144
2026-06-10 14:16: Train Epoch 33: 300/569 Loss: 1.462985
2026-06-10 14:16: Train Epoch 33: 320/569 Loss: 1.236910
2026-06-10 14:16: Train Epoch 33: 340/569 Loss: 1.252206
2026-06-10 14:16: Train Epoch 33: 360/569 Loss: 1.389758
2026-06-10 14:17: Train Epoch 33: 380/569 Loss: 1.319958
2026-06-10 14:17: Train Epoch 33: 400/569 Loss: 1.376203
2026-06-10 14:17: Train Epoch 33: 420/569 Loss: 1.190027
2026-06-10 14:17: Train Epoch 33: 440/569 Loss: 1.231560
2026-06-10 14:17: Train Epoch 33: 460/569 Loss: 1.269731
2026-06-10 14:17: Train Epoch 33: 480/569 Loss: 1.283110
2026-06-10 14:17: Train Epoch 33: 500/569 Loss: 1.067026
2026-06-10 14:17: Train Epoch 33: 520/569 Loss: 1.267043
2026-06-10 14:17: Train Epoch 33: 540/569 Loss: 1.290731
2026-06-10 14:17: Train Epoch 33: 560/569 Loss: 1.272144
2026-06-10 14:17: **********Train Epoch 33: averaged Loss: 1.251901, tf_ratio: 1.000000
2026-06-10 14:17: **********Val Epoch 33: average Loss: 1.612337
2026-06-10 14:17: Validation performance didn't improve for 15 epochs. Training stops.
2026-06-10 14:17: Total training time: 57.0010min, best loss: 1.592986
2026-06-10 14:17: Saving current best model to C:\Documents\thesis\code\Traffic-Benchmark_Fork\methods\AGCRN\model\expe
riments\PEMS-BAY\20260610132039\best_model.pth
2026-06-10 14:17: Horizon 01, MAE: 0.94, RMSE: 1.72, MAPE: 1.9123%
2026-06-10 14:17: Horizon 02, MAE: 1.18, RMSE: 2.35, MAPE: 2.4629%
2026-06-10 14:17: Horizon 03, MAE: 1.36, RMSE: 2.87, MAPE: 2.9133%
2026-06-10 14:17: Horizon 04, MAE: 1.50, RMSE: 3.28, MAPE: 3.2852%
2026-06-10 14:17: Horizon 05, MAE: 1.60, RMSE: 3.59, MAPE: 3.5748%
2026-06-10 14:17: Horizon 06, MAE: 1.69, RMSE: 3.83, MAPE: 3.8050%
2026-06-10 14:17: Horizon 07, MAE: 1.75, RMSE: 4.01, MAPE: 3.9977%
2026-06-10 14:17: Horizon 08, MAE: 1.80, RMSE: 4.15, MAPE: 4.1627%
2026-06-10 14:17: Horizon 09, MAE: 1.85, RMSE: 4.25, MAPE: 4.2888%
2026-06-10 14:17: Horizon 10, MAE: 1.89, RMSE: 4.36, MAPE: 4.4130%
2026-06-10 14:17: Horizon 11, MAE: 1.93, RMSE: 4.46, MAPE: 4.5198%
2026-06-10 14:17: Horizon 12, MAE: 1.98, RMSE: 4.57, MAPE: 4.6335%
2026-06-10 14:17: Average Horizon, MAE: 1.62, RMSE: 3.72, MAPE: 3.6641%
C:\Documents\thesis\code\Traffic-Benchmark_Fork\methods\AGCRN
*****************Model Parameter*****************
node_embeddings torch.Size([325, 10]) True
encoder.dcrnn_cells.0.gate.weights_pool torch.Size([10, 2, 66, 128]) True
encoder.dcrnn_cells.0.gate.bias_pool torch.Size([10, 128]) True
encoder.dcrnn_cells.0.update.weights_pool torch.Size([10, 2, 66, 64]) True
encoder.dcrnn_cells.0.update.bias_pool torch.Size([10, 64]) True
encoder.dcrnn_cells.1.gate.weights_pool torch.Size([10, 2, 128, 128]) True
encoder.dcrnn_cells.1.gate.bias_pool torch.Size([10, 128]) True
encoder.dcrnn_cells.1.update.weights_pool torch.Size([10, 2, 128, 64]) True
encoder.dcrnn_cells.1.update.bias_pool torch.Size([10, 64]) True
end_conv.weight torch.Size([12, 1, 1, 64]) True
end_conv.bias torch.Size([12]) True
Total params num: 752830
*****************Finish Parameter****************
Train:  (36465, 12, 325, 2) (36465, 12, 325, 2)
Val:  (5209, 12, 325, 2) (5209, 12, 325, 2)
Test:  (10419, 12, 325, 2) (10419, 12, 325, 2)
Creat Log File in:  C:\Documents\thesis\code\Traffic-Benchmark_Fork\methods\AGCRN\model\experiments\PEMS-BAY\20260610132039\run.log
